d,ticker,value,nt,nm_numtype,desc_numtype
2008-01-02,DJX,-0.01680073,1,r,Return
2008-01-02,DJX,130.44,2,p,Price
2008-01-02,DJX,0.164769045,9,vol_021,Volatility 1-month
2008-01-02,DJX,0.180982927,11,vol_063,Volatility 3-month
2008-01-03,DJX,0.00099613,1,r,Return
2008-01-03,DJX,130.57,2,p,Price
2008-01-03,DJX,0.164534979,9,vol_021,Volatility 1-month
2008-01-03,DJX,0.180804204,11,vol_063,Volatility 3-month
2008-01-04,DJX,-0.01987922,1,r,Return
2008-01-04,DJX,128,2,p,Price
2008-01-04,DJX,0.176794989,9,vol_021,Volatility 1-month
2008-01-04,DJX,0.184640986,11,vol_063,Volatility 3-month
2008-01-07,DJX,0.00210715,1,r,Return
2008-01-07,DJX,128.27,2,p,Price
2008-01-07,DJX,0.167271777,9,vol_021,Volatility 1-month
2008-01-07,DJX,0.184074971,11,vol_063,Volatility 3-month
2008-01-08,DJX,-0.01872891,1,r,Return
2008-01-08,DJX,125.89,2,p,Price
2008-01-08,DJX,0.167042443,9,vol_021,Volatility 1-month
2008-01-08,DJX,0.18728625,11,vol_063,Volatility 3-month
2008-01-09,DJX,0.01153069,1,r,Return
2008-01-09,DJX,127.35,2,p,Price
2008-01-09,DJX,0.174784922,9,vol_021,Volatility 1-month
2008-01-09,DJX,0.188038568,11,vol_063,Volatility 3-month
2008-01-10,DJX,0.00922314,1,r,Return
2008-01-10,DJX,128.53,2,p,Price
2008-01-10,DJX,0.176299667,9,vol_021,Volatility 1-month
2008-01-10,DJX,0.189073171,11,vol_063,Volatility 3-month
2008-01-11,DJX,-0.01940436,1,r,Return
2008-01-11,DJX,126.06,2,p,Price
2008-01-11,DJX,0.173476333,9,vol_021,Volatility 1-month
2008-01-11,DJX,0.192369239,11,vol_063,Volatility 3-month
2008-01-14,DJX,0.01355205,1,r,Return
2008-01-14,DJX,127.78,2,p,Price
2008-01-14,DJX,0.181730204,9,vol_021,Volatility 1-month
2008-01-14,DJX,0.19424849,11,vol_063,Volatility 3-month
2008-01-15,DJX,-0.0219163,1,r,Return
2008-01-15,DJX,125.01,2,p,Price
2008-01-15,DJX,0.192253391,9,vol_021,Volatility 1-month
2008-01-15,DJX,0.198119654,11,vol_063,Volatility 3-month
2008-01-16,DJX,-0.0028037,1,r,Return
2008-01-16,DJX,124.66,2,p,Price
2008-01-16,DJX,0.189108469,9,vol_021,Volatility 1-month
2008-01-16,DJX,0.198012194,11,vol_063,Volatility 3-month
2008-01-17,DJX,-0.0249353,1,r,Return
2008-01-17,DJX,121.59,2,p,Price
2008-01-17,DJX,0.200993806,9,vol_021,Volatility 1-month
2008-01-17,DJX,0.203369212,11,vol_063,Volatility 3-month
2008-01-18,DJX,-0.00494683,1,r,Return
2008-01-18,DJX,120.99,2,p,Price
2008-01-18,DJX,0.198492831,9,vol_021,Volatility 1-month
2008-01-18,DJX,0.20341244,11,vol_063,Volatility 3-month
2008-01-22,DJX,-0.01063575,1,r,Return
2008-01-22,DJX,119.71,2,p,Price
2008-01-22,DJX,0.199485414,9,vol_021,Volatility 1-month
2008-01-22,DJX,0.197970259,11,vol_063,Volatility 3-month
2008-01-23,DJX,0.0246702,1,r,Return
2008-01-23,DJX,122.7,2,p,Price
2008-01-23,DJX,0.222781538,9,vol_021,Volatility 1-month
2008-01-23,DJX,0.204761538,11,vol_063,Volatility 3-month
2008-01-24,DJX,0.00884423,1,r,Return
2008-01-24,DJX,123.79,2,p,Price
2008-01-24,DJX,0.216844675,9,vol_021,Volatility 1-month
2008-01-24,DJX,0.204928824,11,vol_063,Volatility 3-month
2008-01-25,DJX,-0.01399193,1,r,Return
2008-01-25,DJX,122.07,2,p,Price
2008-01-25,DJX,0.215488898,9,vol_021,Volatility 1-month
2008-01-25,DJX,0.206397859,11,vol_063,Volatility 3-month
2008-01-28,DJX,0.01439576,1,r,Return
2008-01-28,DJX,123.84,2,p,Price
2008-01-28,DJX,0.225165752,9,vol_021,Volatility 1-month
2008-01-28,DJX,0.208908056,11,vol_063,Volatility 3-month
2008-01-29,DJX,0.00772205,1,r,Return
2008-01-29,DJX,124.8,2,p,Price
2008-01-29,DJX,0.225773819,9,vol_021,Volatility 1-month
2008-01-29,DJX,0.208483545,11,vol_063,Volatility 3-month
2008-01-30,DJX,-0.00296915,1,r,Return
2008-01-30,DJX,124.43,2,p,Price
2008-01-30,DJX,0.22537937,9,vol_021,Volatility 1-month
2008-01-30,DJX,0.208123186,11,vol_063,Volatility 3-month
2008-01-31,DJX,0.016499,1,r,Return
2008-01-31,DJX,126.5,2,p,Price
2008-01-31,DJX,0.234991203,9,vol_021,Volatility 1-month
2008-01-31,DJX,0.211118311,11,vol_063,Volatility 3-month
2008-02-01,DJX,0.00732489,1,r,Return
2008-02-01,DJX,127.43,2,p,Price
2008-02-01,DJX,0.231009717,9,vol_021,Volatility 1-month
2008-02-01,DJX,0.210609449,11,vol_063,Volatility 3-month
2008-02-04,DJX,-0.00851136,1,r,Return
2008-02-04,DJX,126.35,2,p,Price
2008-02-04,DJX,0.232261017,9,vol_021,Volatility 1-month
2008-02-04,DJX,0.204980793,11,vol_063,Volatility 3-month
2008-02-05,DJX,-0.02972106,1,r,Return
2008-02-05,DJX,122.65,2,p,Price
2008-02-05,DJX,0.244233178,9,vol_021,Volatility 1-month
2008-02-05,DJX,0.212685348,11,vol_063,Volatility 3-month
2008-02-06,DJX,-0.00531373,1,r,Return
2008-02-06,DJX,122,2,p,Price
2008-02-06,DJX,0.244000867,9,vol_021,Volatility 1-month
2008-02-06,DJX,0.212768201,11,vol_063,Volatility 3-month
2008-02-07,DJX,0.00384506,1,r,Return
2008-02-07,DJX,122.47,2,p,Price
2008-02-07,DJX,0.237391701,9,vol_021,Volatility 1-month
2008-02-07,DJX,0.212032805,11,vol_063,Volatility 3-month
2008-02-08,DJX,-0.00532156,1,r,Return
2008-02-08,DJX,121.82,2,p,Price
2008-02-08,DJX,0.23304292,9,vol_021,Volatility 1-month
2008-02-08,DJX,0.205987103,11,vol_063,Volatility 3-month
2008-02-11,DJX,0.00474983,1,r,Return
2008-02-11,DJX,122.4,2,p,Price
2008-02-11,DJX,0.23080537,9,vol_021,Volatility 1-month
2008-02-11,DJX,0.206337399,11,vol_063,Volatility 3-month
2008-02-12,DJX,0.0108074,1,r,Return
2008-02-12,DJX,123.73,2,p,Price
2008-02-12,DJX,0.22632398,9,vol_021,Volatility 1-month
2008-02-12,DJX,0.205232407,11,vol_063,Volatility 3-month
2008-02-13,DJX,0.01436334,1,r,Return
2008-02-13,DJX,125.52,2,p,Price
2008-02-13,DJX,0.226992665,9,vol_021,Volatility 1-month
2008-02-13,DJX,0.207341479,11,vol_063,Volatility 3-month
2008-02-14,DJX,-0.0140401,1,r,Return
2008-02-14,DJX,123.77,2,p,Price
2008-02-14,DJX,0.219291568,9,vol_021,Volatility 1-month
2008-02-14,DJX,0.202818286,11,vol_063,Volatility 3-month
2008-02-15,DJX,-0.00234581,1,r,Return
2008-02-15,DJX,123.48,2,p,Price
2008-02-15,DJX,0.219236023,9,vol_021,Volatility 1-month
2008-02-15,DJX,0.202620729,11,vol_063,Volatility 3-month
2008-02-19,DJX,-0.00089123,1,r,Return
2008-02-19,DJX,123.37,2,p,Price
2008-02-19,DJX,0.200418797,9,vol_021,Volatility 1-month
2008-02-19,DJX,0.201952505,11,vol_063,Volatility 3-month
2008-02-20,DJX,0.00726865,1,r,Return
2008-02-20,DJX,124.27,2,p,Price
2008-02-20,DJX,0.200555453,9,vol_021,Volatility 1-month
2008-02-20,DJX,0.202263833,11,vol_063,Volatility 3-month
2008-02-21,DJX,-0.01157392,1,r,Return
2008-02-21,DJX,122.84,2,p,Price
2008-02-21,DJX,0.201282425,9,vol_021,Volatility 1-month
2008-02-21,DJX,0.200875459,11,vol_063,Volatility 3-month
2008-02-22,DJX,0.00786544,1,r,Return
2008-02-22,DJX,123.81,2,p,Price
2008-02-22,DJX,0.184327338,9,vol_021,Volatility 1-month
2008-02-22,DJX,0.201402224,11,vol_063,Volatility 3-month
2008-02-25,DJX,0.01514998,1,r,Return
2008-02-25,DJX,125.7,2,p,Price
2008-02-25,DJX,0.189184996,9,vol_021,Volatility 1-month
2008-02-25,DJX,0.201361499,11,vol_063,Volatility 3-month
2008-02-26,DJX,0.00910717,1,r,Return
2008-02-26,DJX,126.85,2,p,Price
2008-02-26,DJX,0.183370388,9,vol_021,Volatility 1-month
2008-02-26,DJX,0.200149798,11,vol_063,Volatility 3-month
2008-02-27,DJX,0.00070925,1,r,Return
2008-02-27,DJX,126.94,2,p,Price
2008-02-27,DJX,0.17759025,9,vol_021,Volatility 1-month
2008-02-27,DJX,0.196732243,11,vol_063,Volatility 3-month
2008-02-28,DJX,-0.00886222,1,r,Return
2008-02-28,DJX,125.82,2,p,Price
2008-02-28,DJX,0.179174675,9,vol_021,Volatility 1-month
2008-02-28,DJX,0.194499395,11,vol_063,Volatility 3-month
2008-02-29,DJX,-0.02543601,1,r,Return
2008-02-29,DJX,122.66,2,p,Price
2008-02-29,DJX,0.200152849,9,vol_021,Volatility 1-month
2008-02-29,DJX,0.193689874,11,vol_063,Volatility 3-month
2008-03-03,DJX,-0.00057085,1,r,Return
2008-03-03,DJX,122.59,2,p,Price
2008-03-03,DJX,0.190176327,9,vol_021,Volatility 1-month
2008-03-03,DJX,0.193599643,11,vol_063,Volatility 3-month
2008-03-04,DJX,-0.00367753,1,r,Return
2008-03-04,DJX,122.14,2,p,Price
2008-03-04,DJX,0.187547964,9,vol_021,Volatility 1-month
2008-03-04,DJX,0.193293456,11,vol_063,Volatility 3-month
2008-03-05,DJX,0.00335118,1,r,Return
2008-03-05,DJX,122.55,2,p,Price
2008-03-05,DJX,0.186874504,9,vol_021,Volatility 1-month
2008-03-05,DJX,0.193440387,11,vol_063,Volatility 3-month
2008-03-06,DJX,-0.01769958,1,r,Return
2008-03-06,DJX,120.4,2,p,Price
2008-03-06,DJX,0.16760982,9,vol_021,Volatility 1-month
2008-03-06,DJX,0.196075007,11,vol_063,Volatility 3-month
2008-03-07,DJX,-0.01220037,1,r,Return
2008-03-07,DJX,118.94,2,p,Price
2008-03-07,DJX,0.171555572,9,vol_021,Volatility 1-month
2008-03-07,DJX,0.194410102,11,vol_063,Volatility 3-month
2008-03-10,DJX,-0.01303226,1,r,Return
2008-03-10,DJX,117.4,2,p,Price
2008-03-10,DJX,0.175213145,9,vol_021,Volatility 1-month
2008-03-10,DJX,0.193265946,11,vol_063,Volatility 3-month
2008-03-11,DJX,0.03490332,1,r,Return
2008-03-11,DJX,121.57,2,p,Price
2008-03-11,DJX,0.216246755,9,vol_021,Volatility 1-month
2008-03-11,DJX,0.207090308,11,vol_063,Volatility 3-month
2008-03-12,DJX,-0.00387358,1,r,Return
2008-03-12,DJX,121.1,2,p,Price
2008-03-12,DJX,0.215873977,9,vol_021,Volatility 1-month
2008-03-12,DJX,0.206280919,11,vol_063,Volatility 3-month
2008-03-13,DJX,0.00296834,1,r,Return
2008-03-13,DJX,121.46,2,p,Price
2008-03-13,DJX,0.212376081,9,vol_021,Volatility 1-month
2008-03-13,DJX,0.202586953,11,vol_063,Volatility 3-month
2008-03-14,DJX,-0.01618494,1,r,Return
2008-03-14,DJX,119.51,2,p,Price
2008-03-14,DJX,0.21110671,9,vol_021,Volatility 1-month
2008-03-14,DJX,0.204437364,11,vol_063,Volatility 3-month
2008-03-17,DJX,0.00175563,1,r,Return
2008-03-17,DJX,119.72,2,p,Price
2008-03-17,DJX,0.207126606,9,vol_021,Volatility 1-month
2008-03-17,DJX,0.20430499,11,vol_063,Volatility 3-month
2008-03-18,DJX,0.03456121,1,r,Return
2008-03-18,DJX,123.93,2,p,Price
2008-03-18,DJX,0.241947677,9,vol_021,Volatility 1-month
2008-03-18,DJX,0.215599637,11,vol_063,Volatility 3-month
2008-03-19,DJX,-0.02392634,1,r,Return
2008-03-19,DJX,121,2,p,Price
2008-03-19,DJX,0.255976508,9,vol_021,Volatility 1-month
2008-03-19,DJX,0.219103924,11,vol_063,Volatility 3-month
2008-03-20,DJX,0.0213409,1,r,Return
2008-03-20,DJX,123.61,2,p,Price
2008-03-20,DJX,0.266092998,9,vol_021,Volatility 1-month
2008-03-20,DJX,0.223429421,11,vol_063,Volatility 3-month
2008-03-24,DJX,0.01509463,1,r,Return
2008-03-24,DJX,125.49,2,p,Price
2008-03-24,DJX,0.267828708,9,vol_021,Volatility 1-month
2008-03-24,DJX,0.225749606,11,vol_063,Volatility 3-month
2008-03-25,DJX,-0.00127582,1,r,Return
2008-03-25,DJX,125.33,2,p,Price
2008-03-25,DJX,0.266753095,9,vol_021,Volatility 1-month
2008-03-25,DJX,0.225621703,11,vol_063,Volatility 3-month
2008-03-26,DJX,-0.00881557,1,r,Return
2008-03-26,DJX,124.23,2,p,Price
2008-03-26,DJX,0.263155364,9,vol_021,Volatility 1-month
2008-03-26,DJX,0.223723202,11,vol_063,Volatility 3-month
2008-03-27,DJX,-0.00978774,1,r,Return
2008-03-27,DJX,123.02,2,p,Price
2008-03-27,DJX,0.262548737,9,vol_021,Volatility 1-month
2008-03-27,DJX,0.223681997,11,vol_063,Volatility 3-month
2008-03-28,DJX,-0.00701528,1,r,Return
2008-03-28,DJX,122.16,2,p,Price
2008-03-28,DJX,0.263107607,9,vol_021,Volatility 1-month
2008-03-28,DJX,0.22391948,11,vol_063,Volatility 3-month
2008-03-31,DJX,0.00384003,1,r,Return
2008-03-31,DJX,122.63,2,p,Price
2008-03-31,DJX,0.262507276,9,vol_021,Volatility 1-month
2008-03-31,DJX,0.222696377,11,vol_063,Volatility 3-month
2008-04-01,DJX,0.03138677,1,r,Return
2008-04-01,DJX,126.54,2,p,Price
2008-04-01,DJX,0.270156278,9,vol_021,Volatility 1-month
2008-04-01,DJX,0.232114639,11,vol_063,Volatility 3-month
2008-04-02,DJX,-0.00380048,1,r,Return
2008-04-02,DJX,126.06,2,p,Price
2008-04-02,DJX,0.270696756,9,vol_021,Volatility 1-month
2008-04-02,DJX,0.231792728,11,vol_063,Volatility 3-month
2008-04-03,DJX,0.00158529,1,r,Return
2008-04-03,DJX,126.26,2,p,Price
2008-04-03,DJX,0.2700835,9,vol_021,Volatility 1-month
2008-04-03,DJX,0.229542792,11,vol_063,Volatility 3-month
2008-04-04,DJX,-0.00134734,1,r,Return
2008-04-04,DJX,126.09,2,p,Price
2008-04-04,DJX,0.270185624,9,vol_021,Volatility 1-month
2008-04-04,DJX,0.229527854,11,vol_063,Volatility 3-month
2008-04-07,DJX,0.0002379,1,r,Return
2008-04-07,DJX,126.12,2,p,Price
2008-04-07,DJX,0.261242614,9,vol_021,Volatility 1-month
2008-04-07,DJX,0.226144984,11,vol_063,Volatility 3-month
2008-04-08,DJX,-0.00285851,1,r,Return
2008-04-08,DJX,125.76,2,p,Price
2008-04-08,DJX,0.256714791,9,vol_021,Volatility 1-month
2008-04-08,DJX,0.226154034,11,vol_063,Volatility 3-month
2008-04-09,DJX,-0.00390392,1,r,Return
2008-04-09,DJX,125.27,2,p,Price
2008-04-09,DJX,0.25158256,9,vol_021,Volatility 1-month
2008-04-09,DJX,0.223171454,11,vol_063,Volatility 3-month
2008-04-10,DJX,0.00438091,1,r,Return
2008-04-10,DJX,125.82,2,p,Price
2008-04-10,DJX,0.223614197,9,vol_021,Volatility 1-month
2008-04-10,DJX,0.222115392,11,vol_063,Volatility 3-month
2008-04-11,DJX,-0.0206375,1,r,Return
2008-04-11,DJX,123.25,2,p,Price
2008-04-11,DJX,0.236015479,9,vol_021,Volatility 1-month
2008-04-11,DJX,0.224981112,11,vol_063,Volatility 3-month
2008-04-14,DJX,-0.00186787,1,r,Return
2008-04-14,DJX,123.02,2,p,Price
2008-04-14,DJX,0.236060044,9,vol_021,Volatility 1-month
2008-04-14,DJX,0.221755157,11,vol_063,Volatility 3-month
2008-04-15,DJX,0.0048654,1,r,Return
2008-04-15,DJX,123.62,2,p,Price
2008-04-15,DJX,0.228328211,9,vol_021,Volatility 1-month
2008-04-15,DJX,0.220210933,11,vol_063,Volatility 3-month
2008-04-16,DJX,0.02057636,1,r,Return
2008-04-16,DJX,126.19,2,p,Price
2008-04-16,DJX,0.237599302,9,vol_021,Volatility 1-month
2008-04-16,DJX,0.219832689,11,vol_063,Volatility 3-month
2008-04-17,DJX,0.00007924,1,r,Return
2008-04-17,DJX,126.2,2,p,Price
2008-04-17,DJX,0.207044824,9,vol_021,Volatility 1-month
2008-04-17,DJX,0.219750894,11,vol_063,Volatility 3-month
2008-04-18,DJX,0.01798313,1,r,Return
2008-04-18,DJX,128.49,2,p,Price
2008-04-18,DJX,0.194325778,9,vol_021,Volatility 1-month
2008-04-18,DJX,0.216542995,11,vol_063,Volatility 3-month
2008-04-21,DJX,-0.0018696,1,r,Return
2008-04-21,DJX,128.25,2,p,Price
2008-04-21,DJX,0.182805052,9,vol_021,Volatility 1-month
2008-04-21,DJX,0.216293979,11,vol_063,Volatility 3-month
2008-04-22,DJX,-0.00822083,1,r,Return
2008-04-22,DJX,127.2,2,p,Price
2008-04-22,DJX,0.179173609,9,vol_021,Volatility 1-month
2008-04-22,DJX,0.215822762,11,vol_063,Volatility 3-month
2008-04-23,DJX,0.0033748,1,r,Return
2008-04-23,DJX,127.63,2,p,Price
2008-04-23,DJX,0.179269818,9,vol_021,Volatility 1-month
2008-04-23,DJX,0.210450748,11,vol_063,Volatility 3-month
2008-04-24,DJX,0.00671563,1,r,Return
2008-04-24,DJX,128.49,2,p,Price
2008-04-24,DJX,0.176757086,9,vol_021,Volatility 1-month
2008-04-24,DJX,0.210155716,11,vol_063,Volatility 3-month
2008-04-25,DJX,0.00334098,1,r,Return
2008-04-25,DJX,128.92,2,p,Price
2008-04-25,DJX,0.171877953,9,vol_021,Volatility 1-month
2008-04-25,DJX,0.208116174,11,vol_063,Volatility 3-month
2008-04-28,DJX,-0.00155255,1,r,Return
2008-04-28,DJX,128.72,2,p,Price
2008-04-28,DJX,0.169196088,9,vol_021,Volatility 1-month
2008-04-28,DJX,0.206338946,11,vol_063,Volatility 3-month
2008-04-29,DJX,-0.00311236,1,r,Return
2008-04-29,DJX,128.32,2,p,Price
2008-04-29,DJX,0.170208602,9,vol_021,Volatility 1-month
2008-04-29,DJX,0.205959276,11,vol_063,Volatility 3-month
2008-04-30,DJX,-0.0009356,1,r,Return
2008-04-30,DJX,128.2,2,p,Price
2008-04-30,DJX,0.133047816,9,vol_021,Volatility 1-month
2008-04-30,DJX,0.205862536,11,vol_063,Volatility 3-month
2008-05-01,DJX,0.01471184,1,r,Return
2008-05-01,DJX,130.1,2,p,Price
2008-05-01,DJX,0.140540751,9,vol_021,Volatility 1-month
2008-05-01,DJX,0.205327415,11,vol_063,Volatility 3-month
2008-05-02,DJX,0.00368268,1,r,Return
2008-05-02,DJX,130.58,2,p,Price
2008-05-02,DJX,0.14074404,9,vol_021,Volatility 1-month
2008-05-02,DJX,0.204960301,11,vol_063,Volatility 3-month
2008-05-05,DJX,-0.00676197,1,r,Return
2008-05-05,DJX,129.7,2,p,Price
2008-05-05,DJX,0.143398543,9,vol_021,Volatility 1-month
2008-05-05,DJX,0.204681254,11,vol_063,Volatility 3-month
2008-05-06,DJX,0.00392444,1,r,Return
2008-05-06,DJX,130.21,2,p,Price
2008-05-06,DJX,0.14360868,9,vol_021,Volatility 1-month
2008-05-06,DJX,0.195397082,11,vol_063,Volatility 3-month
2008-05-07,DJX,-0.01602512,1,r,Return
2008-05-07,DJX,128.14,2,p,Price
2008-05-07,DJX,0.155423512,9,vol_021,Volatility 1-month
2008-05-07,DJX,0.197950267,11,vol_063,Volatility 3-month
2008-05-08,DJX,0.00412757,1,r,Return
2008-05-08,DJX,128.67,2,p,Price
2008-05-08,DJX,0.154789237,9,vol_021,Volatility 1-month
2008-05-08,DJX,0.197968855,11,vol_063,Volatility 3-month
2008-05-09,DJX,-0.0094484,1,r,Return
2008-05-09,DJX,127.46,2,p,Price
2008-05-09,DJX,0.158658048,9,vol_021,Volatility 1-month
2008-05-09,DJX,0.19865702,11,vol_063,Volatility 3-month
2008-05-12,DJX,0.01014762,1,r,Return
2008-05-12,DJX,128.76,2,p,Price
2008-05-12,DJX,0.141620568,9,vol_021,Volatility 1-month
2008-05-12,DJX,0.199394211,11,vol_063,Volatility 3-month
2008-05-13,DJX,-0.00342306,1,r,Return
2008-05-13,DJX,128.32,2,p,Price
2008-05-13,DJX,0.14226817,9,vol_021,Volatility 1-month
2008-05-13,DJX,0.198521763,11,vol_063,Volatility 3-month
2008-05-14,DJX,0.00513021,1,r,Return
2008-05-14,DJX,128.98,2,p,Price
2008-05-14,DJX,0.142338111,9,vol_021,Volatility 1-month
2008-05-14,DJX,0.19676694,11,vol_063,Volatility 3-month
2008-05-15,DJX,0.00733849,1,r,Return
2008-05-15,DJX,129.93,2,p,Price
2008-05-15,DJX,0.127173634,9,vol_021,Volatility 1-month
2008-05-15,DJX,0.195013856,11,vol_063,Volatility 3-month
2008-05-16,DJX,-0.00046189,1,r,Return
2008-05-16,DJX,129.87,2,p,Price
2008-05-16,DJX,0.12725774,9,vol_021,Volatility 1-month
2008-05-16,DJX,0.194927856,11,vol_063,Volatility 3-month
2008-05-19,DJX,0.00315203,1,r,Return
2008-05-19,DJX,130.28,2,p,Price
2008-05-19,DJX,0.112352868,9,vol_021,Volatility 1-month
2008-05-19,DJX,0.194952931,11,vol_063,Volatility 3-month
2008-05-20,DJX,-0.01539265,1,r,Return
2008-05-20,DJX,128.29,2,p,Price
2008-05-20,DJX,0.125216907,9,vol_021,Volatility 1-month
2008-05-20,DJX,0.19718303,11,vol_063,Volatility 3-month
2008-05-21,DJX,-0.01793206,1,r,Return
2008-05-21,DJX,126.01,2,p,Price
2008-05-21,DJX,0.137209438,9,vol_021,Volatility 1-month
2008-05-21,DJX,0.199166198,11,vol_063,Volatility 3-month
2008-05-22,DJX,0.001982,1,r,Return
2008-05-22,DJX,126.26,2,p,Price
2008-05-22,DJX,0.136804782,9,vol_021,Volatility 1-month
2008-05-22,DJX,0.198617215,11,vol_063,Volatility 3-month
2008-05-23,DJX,-0.01163082,1,r,Return
2008-05-23,DJX,124.8,2,p,Price
2008-05-23,DJX,0.139327731,9,vol_021,Volatility 1-month
2008-05-23,DJX,0.197704767,11,vol_063,Volatility 3-month
2008-05-27,DJX,0.00543393,1,r,Return
2008-05-27,DJX,125.48,2,p,Price
2008-05-27,DJX,0.140407178,9,vol_021,Volatility 1-month
2008-05-27,DJX,0.197144112,11,vol_063,Volatility 3-month
2008-05-28,DJX,0.00365922,1,r,Return
2008-05-28,DJX,125.94,2,p,Price
2008-05-28,DJX,0.141440329,9,vol_021,Volatility 1-month
2008-05-28,DJX,0.197285964,11,vol_063,Volatility 3-month
2008-05-29,DJX,0.00412045,1,r,Return
2008-05-29,DJX,126.46,2,p,Price
2008-05-29,DJX,0.142321305,9,vol_021,Volatility 1-month
2008-05-29,DJX,0.196656837,11,vol_063,Volatility 3-month
2008-05-30,DJX,-0.00063281,1,r,Return
2008-05-30,DJX,126.38,2,p,Price
2008-05-30,DJX,0.142318728,9,vol_021,Volatility 1-month
2008-05-30,DJX,0.18971006,11,vol_063,Volatility 3-month
2008-06-02,DJX,-0.01065956,1,r,Return
2008-06-02,DJX,125.04,2,p,Price
2008-06-02,DJX,0.134676066,9,vol_021,Volatility 1-month
2008-06-02,DJX,0.191004566,11,vol_063,Volatility 3-month
2008-06-03,DJX,-0.00811021,1,r,Return
2008-06-03,DJX,124.03,2,p,Price
2008-06-03,DJX,0.134724546,9,vol_021,Volatility 1-month
2008-06-03,DJX,0.191585936,11,vol_063,Volatility 3-month
2008-06-04,DJX,-0.00104868,1,r,Return
2008-06-04,DJX,123.9,2,p,Price
2008-06-04,DJX,0.133871858,9,vol_021,Volatility 1-month
2008-06-04,DJX,0.191497946,11,vol_063,Volatility 3-month
2008-06-05,DJX,0.01712453,1,r,Return
2008-06-05,DJX,126.04,2,p,Price
2008-06-05,DJX,0.148467812,9,vol_021,Volatility 1-month
2008-06-05,DJX,0.190951828,11,vol_063,Volatility 3-month
2008-06-06,DJX,-0.03175894,1,r,Return
2008-06-06,DJX,122.1,2,p,Price
2008-06-06,DJX,0.175364239,9,vol_021,Volatility 1-month
2008-06-06,DJX,0.200120087,11,vol_063,Volatility 3-month
2008-06-09,DJX,0.00571664,1,r,Return
2008-06-09,DJX,122.8,2,p,Price
2008-06-09,DJX,0.176182505,9,vol_021,Volatility 1-month
2008-06-09,DJX,0.198505535,11,vol_063,Volatility 3-month
2008-06-10,DJX,0.000814,1,r,Return
2008-06-10,DJX,122.9,2,p,Price
2008-06-10,DJX,0.174458114,9,vol_021,Volatility 1-month
2008-06-10,DJX,0.185952711,11,vol_063,Volatility 3-month
2008-06-11,DJX,-0.01690366,1,r,Return
2008-06-11,DJX,120.84,2,p,Price
2008-06-11,DJX,0.176399309,9,vol_021,Volatility 1-month
2008-06-11,DJX,0.188907739,11,vol_063,Volatility 3-month
2008-06-12,DJX,0.00478825,1,r,Return
2008-06-12,DJX,121.42,2,p,Price
2008-06-12,DJX,0.178446181,9,vol_021,Volatility 1-month
2008-06-12,DJX,0.18906031,11,vol_063,Volatility 3-month
2008-06-13,DJX,0.01349769,1,r,Return
2008-06-13,DJX,123.07,2,p,Price
2008-06-13,DJX,0.185256457,9,vol_021,Volatility 1-month
2008-06-13,DJX,0.188053224,11,vol_063,Volatility 3-month
2008-06-16,DJX,-0.00309245,1,r,Return
2008-06-16,DJX,122.69,2,p,Price
2008-06-16,DJX,0.181960193,9,vol_021,Volatility 1-month
2008-06-16,DJX,0.188168018,11,vol_063,Volatility 3-month
2008-06-17,DJX,-0.00892388,1,r,Return
2008-06-17,DJX,121.6,2,p,Price
2008-06-17,DJX,0.182989256,9,vol_021,Volatility 1-month
2008-06-17,DJX,0.17575953,11,vol_063,Volatility 3-month
2008-06-18,DJX,-0.01083148,1,r,Return
2008-06-18,DJX,120.29,2,p,Price
2008-06-18,DJX,0.183348621,9,vol_021,Volatility 1-month
2008-06-18,DJX,0.170477152,11,vol_063,Volatility 3-month
2008-06-19,DJX,0.00282252,1,r,Return
2008-06-19,DJX,120.63,2,p,Price
2008-06-19,DJX,0.179656658,9,vol_021,Volatility 1-month
2008-06-19,DJX,0.164947065,11,vol_063,Volatility 3-month
2008-06-20,DJX,-0.01840594,1,r,Return
2008-06-20,DJX,118.43,2,p,Price
2008-06-20,DJX,0.180161985,9,vol_021,Volatility 1-month
2008-06-20,DJX,0.165772498,11,vol_063,Volatility 3-month
2008-06-23,DJX,-0.00008444,1,r,Return
2008-06-23,DJX,118.42,2,p,Price
2008-06-23,DJX,0.179589897,9,vol_021,Volatility 1-month
2008-06-23,DJX,0.165779202,11,vol_063,Volatility 3-month
2008-06-24,DJX,-0.00295996,1,r,Return
2008-06-24,DJX,118.07,2,p,Price
2008-06-24,DJX,0.17686254,9,vol_021,Volatility 1-month
2008-06-24,DJX,0.165054904,11,vol_063,Volatility 3-month
2008-06-25,DJX,0.00042339,1,r,Return
2008-06-25,DJX,118.12,2,p,Price
2008-06-25,DJX,0.174820468,9,vol_021,Volatility 1-month
2008-06-25,DJX,0.164057156,11,vol_063,Volatility 3-month
2008-06-26,DJX,-0.03086426,1,r,Return
2008-06-26,DJX,114.53,2,p,Price
2008-06-26,DJX,0.197931841,9,vol_021,Volatility 1-month
2008-06-26,DJX,0.1744271,11,vol_063,Volatility 3-month
2008-06-27,DJX,-0.00929831,1,r,Return
2008-06-27,DJX,113.47,2,p,Price
2008-06-27,DJX,0.195997942,9,vol_021,Volatility 1-month
2008-06-27,DJX,0.174916603,11,vol_063,Volatility 3-month
2008-06-30,DJX,0.00026435,1,r,Return
2008-06-30,DJX,113.5,2,p,Price
2008-06-30,DJX,0.196283556,9,vol_021,Volatility 1-month
2008-06-30,DJX,0.161919048,11,vol_063,Volatility 3-month
2008-07-01,DJX,0.00281542,1,r,Return
2008-07-01,DJX,113.82,2,p,Price
2008-07-01,DJX,0.197039568,9,vol_021,Volatility 1-month
2008-07-01,DJX,0.162115102,11,vol_063,Volatility 3-month
2008-07-02,DJX,-0.01469183,1,r,Return
2008-07-02,DJX,112.16,2,p,Price
2008-07-02,DJX,0.199867479,9,vol_021,Volatility 1-month
2008-07-02,DJX,0.16406341,11,vol_063,Volatility 3-month
2008-07-03,DJX,0.00648747,1,r,Return
2008-07-03,DJX,112.89,2,p,Price
2008-07-03,DJX,0.203320223,9,vol_021,Volatility 1-month
2008-07-03,DJX,0.164912828,11,vol_063,Volatility 3-month
2008-07-07,DJX,-0.00506195,1,r,Return
2008-07-07,DJX,112.32,2,p,Price
2008-07-07,DJX,0.187600765,9,vol_021,Volatility 1-month
2008-07-07,DJX,0.164993101,11,vol_063,Volatility 3-month
2008-07-08,DJX,0.01344201,1,r,Return
2008-07-08,DJX,113.84,2,p,Price
2008-07-08,DJX,0.172589811,9,vol_021,Volatility 1-month
2008-07-08,DJX,0.16778114,11,vol_063,Volatility 3-month
2008-07-09,DJX,-0.02103846,1,r,Return
2008-07-09,DJX,111.47,2,p,Price
2008-07-09,DJX,0.179649734,9,vol_021,Volatility 1-month
2008-07-09,DJX,0.172187345,11,vol_063,Volatility 3-month
2008-07-10,DJX,0.00732931,1,r,Return
2008-07-10,DJX,112.29,2,p,Price
2008-07-10,DJX,0.183504484,9,vol_021,Volatility 1-month
2008-07-10,DJX,0.172721328,11,vol_063,Volatility 3-month
2008-07-11,DJX,-0.01146452,1,r,Return
2008-07-11,DJX,111.01,2,p,Price
2008-07-11,DJX,0.179725566,9,vol_021,Volatility 1-month
2008-07-11,DJX,0.169602482,11,vol_063,Volatility 3-month
2008-07-14,DJX,-0.00415238,1,r,Return
2008-07-14,DJX,110.55,2,p,Price
2008-07-14,DJX,0.176837164,9,vol_021,Volatility 1-month
2008-07-14,DJX,0.169675378,11,vol_063,Volatility 3-month
2008-07-15,DJX,-0.00835685,1,r,Return
2008-07-15,DJX,109.63,2,p,Price
2008-07-15,DJX,0.164649831,9,vol_021,Volatility 1-month
2008-07-15,DJX,0.169657734,11,vol_063,Volatility 3-month
2008-07-16,DJX,0.02486391,1,r,Return
2008-07-16,DJX,112.39,2,p,Price
2008-07-16,DJX,0.195420457,9,vol_021,Volatility 1-month
2008-07-16,DJX,0.17216528,11,vol_063,Volatility 3-month
2008-07-17,DJX,0.01833781,1,r,Return
2008-07-17,DJX,114.47,2,p,Price
2008-07-17,DJX,0.209393059,9,vol_021,Volatility 1-month
2008-07-17,DJX,0.176802141,11,vol_063,Volatility 3-month
2008-07-18,DJX,0.00435845,1,r,Return
2008-07-18,DJX,114.97,2,p,Price
2008-07-18,DJX,0.208733146,9,vol_021,Volatility 1-month
2008-07-18,DJX,0.172737635,11,vol_063,Volatility 3-month
2008-07-21,DJX,-0.00261279,1,r,Return
2008-07-21,DJX,114.67,2,p,Price
2008-07-21,DJX,0.207948077,9,vol_021,Volatility 1-month
2008-07-21,DJX,0.172745863,11,vol_063,Volatility 3-month
2008-07-22,DJX,0.01179034,1,r,Return
2008-07-22,DJX,116.03,2,p,Price
2008-07-22,DJX,0.204973888,9,vol_021,Volatility 1-month
2008-07-22,DJX,0.174340533,11,vol_063,Volatility 3-month
2008-07-23,DJX,0.00249624,1,r,Return
2008-07-23,DJX,116.32,2,p,Price
2008-07-23,DJX,0.205309825,9,vol_021,Volatility 1-month
2008-07-23,DJX,0.174250358,11,vol_063,Volatility 3-month
2008-07-24,DJX,-0.02463029,1,r,Return
2008-07-24,DJX,113.49,2,p,Price
2008-07-24,DJX,0.22122045,9,vol_021,Volatility 1-month
2008-07-24,DJX,0.179462887,11,vol_063,Volatility 3-month
2008-07-25,DJX,0.00193662,1,r,Return
2008-07-25,DJX,113.71,2,p,Price
2008-07-25,DJX,0.221481269,9,vol_021,Volatility 1-month
2008-07-25,DJX,0.17931587,11,vol_063,Volatility 3-month
2008-07-28,DJX,-0.02133225,1,r,Return
2008-07-28,DJX,111.31,2,p,Price
2008-07-28,DJX,0.207763546,9,vol_021,Volatility 1-month
2008-07-28,DJX,0.183434877,11,vol_063,Volatility 3-month
2008-07-29,DJX,0.02370389,1,r,Return
2008-07-29,DJX,113.98,2,p,Price
2008-07-29,DJX,0.222782,9,vol_021,Volatility 1-month
2008-07-29,DJX,0.190654576,11,vol_063,Volatility 3-month
2008-07-30,DJX,0.01618693,1,r,Return
2008-07-30,DJX,115.84,2,p,Price
2008-07-30,DJX,0.229552927,9,vol_021,Volatility 1-month
2008-07-30,DJX,0.194045057,11,vol_063,Volatility 3-month
2008-07-31,DJX,-0.01794317,1,r,Return
2008-07-31,DJX,113.78,2,p,Price
2008-07-31,DJX,0.238539576,9,vol_021,Volatility 1-month
2008-07-31,DJX,0.19387211,11,vol_063,Volatility 3-month
2008-08-01,DJX,-0.0045807,1,r,Return
2008-08-01,DJX,113.26,2,p,Price
2008-08-01,DJX,0.233213911,9,vol_021,Volatility 1-month
2008-08-01,DJX,0.193569717,11,vol_063,Volatility 3-month
2008-08-04,DJX,-0.00371518,1,r,Return
2008-08-04,DJX,112.84,2,p,Price
2008-08-04,DJX,0.232571222,9,vol_021,Volatility 1-month
2008-08-04,DJX,0.193377438,11,vol_063,Volatility 3-month
2008-08-05,DJX,0.02899767,1,r,Return
2008-08-05,DJX,116.16,2,p,Price
2008-08-05,DJX,0.252355878,9,vol_021,Volatility 1-month
2008-08-05,DJX,0.202879038,11,vol_063,Volatility 3-month
2008-08-06,DJX,0.00343761,1,r,Return
2008-08-06,DJX,116.56,2,p,Price
2008-08-06,DJX,0.248795589,9,vol_021,Volatility 1-month
2008-08-06,DJX,0.201063307,11,vol_063,Volatility 3-month
2008-08-07,DJX,-0.01949211,1,r,Return
2008-08-07,DJX,114.31,2,p,Price
2008-08-07,DJX,0.247111912,9,vol_021,Volatility 1-month
2008-08-07,DJX,0.203903962,11,vol_063,Volatility 3-month
2008-08-08,DJX,0.02616165,1,r,Return
2008-08-08,DJX,117.34,2,p,Price
2008-08-08,DJX,0.261208606,9,vol_021,Volatility 1-month
2008-08-08,DJX,0.210850161,11,vol_063,Volatility 3-month
2008-08-11,DJX,0.00408233,1,r,Return
2008-08-11,DJX,117.82,2,p,Price
2008-08-11,DJX,0.256550404,9,vol_021,Volatility 1-month
2008-08-11,DJX,0.209856785,11,vol_063,Volatility 3-month
2008-08-12,DJX,-0.01195369,1,r,Return
2008-08-12,DJX,116.42,2,p,Price
2008-08-12,DJX,0.260618746,9,vol_021,Volatility 1-month
2008-08-12,DJX,0.210880524,11,vol_063,Volatility 3-month
2008-08-13,DJX,-0.00940676,1,r,Return
2008-08-13,DJX,115.33,2,p,Price
2008-08-13,DJX,0.261192734,9,vol_021,Volatility 1-month
2008-08-13,DJX,0.211014438,11,vol_063,Volatility 3-month
2008-08-14,DJX,0.00717097,1,r,Return
2008-08-14,DJX,116.16,2,p,Price
2008-08-14,DJX,0.248934535,9,vol_021,Volatility 1-month
2008-08-14,DJX,0.210985293,11,vol_063,Volatility 3-month
2008-08-15,DJX,0.00378072,1,r,Return
2008-08-15,DJX,116.6,2,p,Price
2008-08-15,DJX,0.241579469,9,vol_021,Volatility 1-month
2008-08-15,DJX,0.21126332,11,vol_063,Volatility 3-month
2008-08-18,DJX,-0.0156449,1,r,Return
2008-08-18,DJX,114.79,2,p,Price
2008-08-18,DJX,0.247805914,9,vol_021,Volatility 1-month
2008-08-18,DJX,0.212843684,11,vol_063,Volatility 3-month
2008-08-19,DJX,-0.01138965,1,r,Return
2008-08-19,DJX,113.49,2,p,Price
2008-08-19,DJX,0.250785877,9,vol_021,Volatility 1-month
2008-08-19,DJX,0.2119694,11,vol_063,Volatility 3-month
2008-08-20,DJX,0.00597384,1,r,Return
2008-08-20,DJX,114.17,2,p,Price
2008-08-20,DJX,0.247990243,9,vol_021,Volatility 1-month
2008-08-20,DJX,0.210024605,11,vol_063,Volatility 3-month
2008-08-21,DJX,0.00113801,1,r,Return
2008-08-21,DJX,114.3,2,p,Price
2008-08-21,DJX,0.247809441,9,vol_021,Volatility 1-month
2008-08-21,DJX,0.209973427,11,vol_063,Volatility 3-month
2008-08-22,DJX,0.01717451,1,r,Return
2008-08-22,DJX,116.28,2,p,Price
2008-08-22,DJX,0.239400293,9,vol_021,Volatility 1-month
2008-08-22,DJX,0.212259858,11,vol_063,Volatility 3-month
2008-08-25,DJX,-0.02103145,1,r,Return
2008-08-25,DJX,113.86,2,p,Price
2008-08-25,DJX,0.251378903,9,vol_021,Volatility 1-month
2008-08-25,DJX,0.215511941,11,vol_063,Volatility 3-month
2008-08-26,DJX,0.00236853,1,r,Return
2008-08-26,DJX,114.13,2,p,Price
2008-08-26,DJX,0.239068382,9,vol_021,Volatility 1-month
2008-08-26,DJX,0.215400751,11,vol_063,Volatility 3-month
2008-08-27,DJX,0.00785481,1,r,Return
2008-08-27,DJX,115.03,2,p,Price
2008-08-27,DJX,0.22622243,9,vol_021,Volatility 1-month
2008-08-27,DJX,0.215930071,11,vol_063,Volatility 3-month
2008-08-28,DJX,0.0182622,1,r,Return
2008-08-28,DJX,117.15,2,p,Price
2008-08-28,DJX,0.22814898,9,vol_021,Volatility 1-month
2008-08-28,DJX,0.219516852,11,vol_063,Volatility 3-month
2008-08-29,DJX,-0.01470425,1,r,Return
2008-08-29,DJX,115.44,2,p,Price
2008-08-29,DJX,0.225099094,9,vol_021,Volatility 1-month
2008-08-29,DJX,0.220372382,11,vol_063,Volatility 3-month
2008-09-02,DJX,-0.00234162,1,r,Return
2008-09-02,DJX,115.17,2,p,Price
2008-09-02,DJX,0.22457155,9,vol_021,Volatility 1-month
2008-09-02,DJX,0.219945994,11,vol_063,Volatility 3-month
2008-09-03,DJX,0.00138829,1,r,Return
2008-09-03,DJX,115.33,2,p,Price
2008-09-03,DJX,0.223974798,9,vol_021,Volatility 1-month
2008-09-03,DJX,0.220005741,11,vol_063,Volatility 3-month
2008-09-04,DJX,-0.03037072,1,r,Return
2008-09-04,DJX,111.88,2,p,Price
2008-09-04,DJX,0.225015612,9,vol_021,Volatility 1-month
2008-09-04,DJX,0.224443392,11,vol_063,Volatility 3-month
2008-09-05,DJX,0.00294525,1,r,Return
2008-09-05,DJX,112.21,2,p,Price
2008-09-05,DJX,0.224877971,9,vol_021,Volatility 1-month
2008-09-05,DJX,0.216255514,11,vol_063,Volatility 3-month
2008-09-08,DJX,0.02551608,1,r,Return
2008-09-08,DJX,115.11,2,p,Price
2008-09-08,DJX,0.234147569,9,vol_021,Volatility 1-month
2008-09-08,DJX,0.222419447,11,vol_063,Volatility 3-month
2008-09-09,DJX,-0.02462529,1,r,Return
2008-09-09,DJX,112.31,2,p,Price
2008-09-09,DJX,0.229607035,9,vol_021,Volatility 1-month
2008-09-09,DJX,0.227328909,11,vol_063,Volatility 3-month
2008-09-10,DJX,0.00337778,1,r,Return
2008-09-10,DJX,112.69,2,p,Price
2008-09-10,DJX,0.229381396,9,vol_021,Volatility 1-month
2008-09-10,DJX,0.225328002,11,vol_063,Volatility 3-month
2008-09-11,DJX,0.01453578,1,r,Return
2008-09-11,DJX,114.34,2,p,Price
2008-09-11,DJX,0.233391764,9,vol_021,Volatility 1-month
2008-09-11,DJX,0.227200355,11,vol_063,Volatility 3-month
2008-09-12,DJX,-0.00105005,1,r,Return
2008-09-12,DJX,114.22,2,p,Price
2008-09-12,DJX,0.231321323,9,vol_021,Volatility 1-month
2008-09-12,DJX,0.225294359,11,vol_063,Volatility 3-month
2008-09-15,DJX,-0.04512852,1,r,Return
2008-09-15,DJX,109.18,2,p,Price
2008-09-15,DJX,0.276178346,9,vol_021,Volatility 1-month
2008-09-15,DJX,0.241821474,11,vol_063,Volatility 3-month
2008-09-16,DJX,0.01283177,1,r,Return
2008-09-16,DJX,110.59,2,p,Price
2008-09-16,DJX,0.280700814,9,vol_021,Volatility 1-month
2008-09-16,DJX,0.24314634,11,vol_063,Volatility 3-month
2008-09-17,DJX,-0.04144762,1,r,Return
2008-09-17,DJX,106.1,2,p,Price
2008-09-17,DJX,0.308733718,9,vol_021,Volatility 1-month
2008-09-17,DJX,0.255323992,11,vol_063,Volatility 3-month
2008-09-18,DJX,0.03791485,1,r,Return
2008-09-18,DJX,110.2,2,p,Price
2008-09-18,DJX,0.339107672,9,vol_021,Volatility 1-month
2008-09-18,DJX,0.267375717,11,vol_063,Volatility 3-month
2008-09-19,DJX,0.03284837,1,r,Return
2008-09-19,DJX,113.88,2,p,Price
2008-09-19,DJX,0.358685542,9,vol_021,Volatility 1-month
2008-09-19,DJX,0.27372807,11,vol_063,Volatility 3-month
2008-09-22,DJX,-0.03321141,1,r,Return
2008-09-22,DJX,110.16,2,p,Price
2008-09-22,DJX,0.376462495,9,vol_021,Volatility 1-month
2008-09-22,DJX,0.281375053,11,vol_063,Volatility 3-month
2008-09-23,DJX,-0.01481509,1,r,Return
2008-09-23,DJX,108.54,2,p,Price
2008-09-23,DJX,0.37248192,9,vol_021,Volatility 1-month
2008-09-23,DJX,0.282681354,11,vol_063,Volatility 3-month
2008-09-24,DJX,-0.0026754,1,r,Return
2008-09-24,DJX,108.25,2,p,Price
2008-09-24,DJX,0.366844428,9,vol_021,Volatility 1-month
2008-09-24,DJX,0.282670908,11,vol_063,Volatility 3-month
2008-09-25,DJX,0.018035,1,r,Return
2008-09-25,DJX,110.22,2,p,Price
2008-09-25,DJX,0.37336987,9,vol_021,Volatility 1-month
2008-09-25,DJX,0.278835608,11,vol_063,Volatility 3-month
2008-09-26,DJX,0.01091822,1,r,Return
2008-09-26,DJX,111.43,2,p,Price
2008-09-26,DJX,0.374502598,9,vol_021,Volatility 1-month
2008-09-26,DJX,0.279206192,11,vol_063,Volatility 3-month
2008-09-29,DJX,-0.07237675,1,r,Return
2008-09-29,DJX,103.65,2,p,Price
2008-09-29,DJX,0.440075129,9,vol_021,Volatility 1-month
2008-09-29,DJX,0.314224237,11,vol_063,Volatility 3-month
2008-09-30,DJX,0.0458225,1,r,Return
2008-09-30,DJX,108.51,2,p,Price
2008-09-30,DJX,0.473384297,9,vol_021,Volatility 1-month
2008-09-30,DJX,0.32806002,11,vol_063,Volatility 3-month
2008-10-01,DJX,-0.00184485,1,r,Return
2008-10-01,DJX,108.31,2,p,Price
2008-10-01,DJX,0.473395443,9,vol_021,Volatility 1-month
2008-10-01,DJX,0.326846193,11,vol_063,Volatility 3-month
2008-10-02,DJX,-0.0326575,1,r,Return
2008-10-02,DJX,104.83,2,p,Price
2008-10-02,DJX,0.484058436,9,vol_021,Volatility 1-month
2008-10-02,DJX,0.332741553,11,vol_063,Volatility 3-month
2008-10-03,DJX,-0.01518676,1,r,Return
2008-10-03,DJX,103.25,2,p,Price
2008-10-03,DJX,0.47665248,9,vol_021,Volatility 1-month
2008-10-03,DJX,0.333836546,11,vol_063,Volatility 3-month
2008-10-06,DJX,-0.03639275,1,r,Return
2008-10-06,DJX,99.56,2,p,Price
2008-10-06,DJX,0.488935867,9,vol_021,Volatility 1-month
2008-10-06,DJX,0.339696864,11,vol_063,Volatility 3-month
2008-10-07,DJX,-0.05247815,1,r,Return
2008-10-07,DJX,94.47,2,p,Price
2008-10-07,DJX,0.500709459,9,vol_021,Volatility 1-month
2008-10-07,DJX,0.352393142,11,vol_063,Volatility 3-month
2008-10-08,DJX,-0.02020919,1,r,Return
2008-10-08,DJX,92.58,2,p,Price
2008-10-08,DJX,0.499250157,9,vol_021,Volatility 1-month
2008-10-08,DJX,0.353533122,11,vol_063,Volatility 3-month
2008-10-09,DJX,-0.07617069,1,r,Return
2008-10-09,DJX,85.79,2,p,Price
2008-10-09,DJX,0.547698382,9,vol_021,Volatility 1-month
2008-10-09,DJX,0.382298382,11,vol_063,Volatility 3-month
2008-10-10,DJX,-0.01503258,1,r,Return
2008-10-10,DJX,84.51,2,p,Price
2008-10-10,DJX,0.538476301,9,vol_021,Volatility 1-month
2008-10-10,DJX,0.382924298,11,vol_063,Volatility 3-month
2008-10-13,DJX,0.1051475,1,r,Return
2008-10-13,DJX,93.88,2,p,Price
2008-10-13,DJX,0.678974746,9,vol_021,Volatility 1-month
2008-10-13,DJX,0.440893499,11,vol_063,Volatility 3-month
2008-10-14,DJX,-0.00823578,1,r,Return
2008-10-14,DJX,93.11,2,p,Price
2008-10-14,DJX,0.666382581,9,vol_021,Volatility 1-month
2008-10-14,DJX,0.437512226,11,vol_063,Volatility 3-month
2008-10-15,DJX,-0.08199571,1,r,Return
2008-10-15,DJX,85.78,2,p,Price
2008-10-15,DJX,0.709359984,9,vol_021,Volatility 1-month
2008-10-15,DJX,0.462916003,11,vol_063,Volatility 3-month
2008-10-16,DJX,0.04568773,1,r,Return
2008-10-16,DJX,89.79,2,p,Price
2008-10-16,DJX,0.727911203,9,vol_021,Volatility 1-month
2008-10-16,DJX,0.473420129,11,vol_063,Volatility 3-month
2008-10-17,DJX,-0.0142451,1,r,Return
2008-10-17,DJX,88.52,2,p,Price
2008-10-17,DJX,0.708674168,9,vol_021,Volatility 1-month
2008-10-17,DJX,0.473860628,11,vol_063,Volatility 3-month
2008-10-20,DJX,0.04560044,1,r,Return
2008-10-20,DJX,92.65,2,p,Price
2008-10-20,DJX,0.719776802,9,vol_021,Volatility 1-month
2008-10-20,DJX,0.483203946,11,vol_063,Volatility 3-month
2008-10-21,DJX,-0.02524862,1,r,Return
2008-10-21,DJX,90.34,2,p,Price
2008-10-21,DJX,0.71704021,9,vol_021,Volatility 1-month
2008-10-21,DJX,0.484970717,11,vol_063,Volatility 3-month
2008-10-22,DJX,-0.05869627,1,r,Return
2008-10-22,DJX,85.19,2,p,Price
2008-10-22,DJX,0.737015051,9,vol_021,Volatility 1-month
2008-10-22,DJX,0.495528213,11,vol_063,Volatility 3-month
2008-10-23,DJX,0.01998904,1,r,Return
2008-10-23,DJX,86.91,2,p,Price
2008-10-23,DJX,0.744590765,9,vol_021,Volatility 1-month
2008-10-23,DJX,0.49779925,11,vol_063,Volatility 3-month
2008-10-24,DJX,-0.03655943,1,r,Return
2008-10-24,DJX,83.79,2,p,Price
2008-10-24,DJX,0.742283683,9,vol_021,Volatility 1-month
2008-10-24,DJX,0.500843309,11,vol_063,Volatility 3-month
2008-10-27,DJX,-0.02452554,1,r,Return
2008-10-27,DJX,81.76,2,p,Price
2008-10-27,DJX,0.738002241,9,vol_021,Volatility 1-month
2008-10-27,DJX,0.499086775,11,vol_063,Volatility 3-month
2008-10-28,DJX,0.10321781,1,r,Return
2008-10-28,DJX,90.65,2,p,Price
2008-10-28,DJX,0.812170853,9,vol_021,Volatility 1-month
2008-10-28,DJX,0.542741109,11,vol_063,Volatility 3-month
2008-10-29,DJX,-0.00819677,1,r,Return
2008-10-29,DJX,89.91,2,p,Price
2008-10-29,DJX,0.789666868,9,vol_021,Volatility 1-month
2008-10-29,DJX,0.542065156,11,vol_063,Volatility 3-month
2008-10-30,DJX,0.02091205,1,r,Return
2008-10-30,DJX,91.81,2,p,Price
2008-10-30,DJX,0.796156498,9,vol_021,Volatility 1-month
2008-10-30,DJX,0.544297162,11,vol_063,Volatility 3-month
2008-10-31,DJX,0.01556283,1,r,Return
2008-10-31,DJX,93.25,2,p,Price
2008-10-31,DJX,0.794762447,9,vol_021,Volatility 1-month
2008-10-31,DJX,0.545606122,11,vol_063,Volatility 3-month
2008-11-03,DJX,-0.00053634,1,r,Return
2008-11-03,DJX,93.2,2,p,Price
2008-11-03,DJX,0.794149897,9,vol_021,Volatility 1-month
2008-11-03,DJX,0.541743989,11,vol_063,Volatility 3-month
2008-11-04,DJX,0.03220125,1,r,Return
2008-11-04,DJX,96.25,2,p,Price
2008-11-04,DJX,0.795397771,9,vol_021,Volatility 1-month
2008-11-04,DJX,0.546275624,11,vol_063,Volatility 3-month
2008-11-05,DJX,-0.05181291,1,r,Return
2008-11-05,DJX,91.39,2,p,Price
2008-11-05,DJX,0.794864875,9,vol_021,Volatility 1-month
2008-11-05,DJX,0.554002193,11,vol_063,Volatility 3-month
2008-11-06,DJX,-0.04968782,1,r,Return
2008-11-06,DJX,86.96,2,p,Price
2008-11-06,DJX,0.809986509,9,vol_021,Volatility 1-month
2008-11-06,DJX,0.558220435,11,vol_063,Volatility 3-month
2008-11-07,DJX,0.02811977,1,r,Return
2008-11-07,DJX,89.44,2,p,Price
2008-11-07,DJX,0.77087475,9,vol_021,Volatility 1-month
2008-11-07,DJX,0.561825833,11,vol_063,Volatility 3-month
2008-11-10,DJX,-0.00819539,1,r,Return
2008-11-10,DJX,88.71,2,p,Price
2008-11-10,DJX,0.769335378,9,vol_021,Volatility 1-month
2008-11-10,DJX,0.561670018,11,vol_063,Volatility 3-month
2008-11-11,DJX,-0.0201544,1,r,Return
2008-11-11,DJX,86.94,2,p,Price
2008-11-11,DJX,0.674953425,9,vol_021,Volatility 1-month
2008-11-11,DJX,0.562476783,11,vol_063,Volatility 3-month
2008-11-12,DJX,-0.04842791,1,r,Return
2008-11-12,DJX,82.83,2,p,Price
2008-11-12,DJX,0.692520389,9,vol_021,Volatility 1-month
2008-11-12,DJX,0.568750215,11,vol_063,Volatility 3-month
2008-11-13,DJX,0.06451588,1,r,Return
2008-11-13,DJX,88.35,2,p,Price
2008-11-13,DJX,0.674540752,9,vol_021,Volatility 1-month
2008-11-13,DJX,0.585447426,11,vol_063,Volatility 3-month
2008-11-14,DJX,-0.03900795,1,r,Return
2008-11-14,DJX,84.97,2,p,Price
2008-11-14,DJX,0.668261229,9,vol_021,Volatility 1-month
2008-11-14,DJX,0.589123845,11,vol_063,Volatility 3-month
2008-11-17,DJX,-0.02659509,1,r,Return
2008-11-17,DJX,82.74,2,p,Price
2008-11-17,DJX,0.672323579,9,vol_021,Volatility 1-month
2008-11-17,DJX,0.590600855,11,vol_063,Volatility 3-month
2008-11-18,DJX,0.01808541,1,r,Return
2008-11-18,DJX,84.25,2,p,Price
2008-11-18,DJX,0.653648213,9,vol_021,Volatility 1-month
2008-11-18,DJX,0.592011946,11,vol_063,Volatility 3-month
2008-11-19,DJX,-0.05213701,1,r,Return
2008-11-19,DJX,79.97,2,p,Price
2008-11-19,DJX,0.670800552,9,vol_021,Volatility 1-month
2008-11-19,DJX,0.59937396,11,vol_063,Volatility 3-month
2008-11-20,DJX,-0.05725404,1,r,Return
2008-11-20,DJX,75.52,2,p,Price
2008-11-20,DJX,0.66938486,9,vol_021,Volatility 1-month
2008-11-20,DJX,0.60628892,11,vol_063,Volatility 3-month
2008-11-21,DJX,0.06336265,1,r,Return
2008-11-21,DJX,80.46,2,p,Price
2008-11-21,DJX,0.706237054,9,vol_021,Volatility 1-month
2008-11-21,DJX,0.621568355,11,vol_063,Volatility 3-month
2008-11-24,DJX,0.04816262,1,r,Return
2008-11-24,DJX,84.43,2,p,Price
2008-11-24,DJX,0.717419167,9,vol_021,Volatility 1-month
2008-11-24,DJX,0.630609989,11,vol_063,Volatility 3-month
2008-11-25,DJX,0.00425482,1,r,Return
2008-11-25,DJX,84.79,2,p,Price
2008-11-25,DJX,0.711744099,9,vol_021,Volatility 1-month
2008-11-25,DJX,0.630357771,11,vol_063,Volatility 3-month
2008-11-26,DJX,0.02882915,1,r,Return
2008-11-26,DJX,87.27,2,p,Price
2008-11-26,DJX,0.61866031,9,vol_021,Volatility 1-month
2008-11-26,DJX,0.632283282,11,vol_063,Volatility 3-month
2008-11-28,DJX,0.01162009,1,r,Return
2008-11-28,DJX,88.29,2,p,Price
2008-11-28,DJX,0.619889798,9,vol_021,Volatility 1-month
2008-11-28,DJX,0.632777685,11,vol_063,Volatility 3-month
2008-12-01,DJX,-0.08014654,1,r,Return
2008-12-01,DJX,81.49,2,p,Price
2008-12-01,DJX,0.6718305,9,vol_021,Volatility 1-month
2008-12-01,DJX,0.650700589,11,vol_063,Volatility 3-month
2008-12-02,DJX,0.03259584,1,r,Return
2008-12-02,DJX,84.19,2,p,Price
2008-12-02,DJX,0.681142425,9,vol_021,Volatility 1-month
2008-12-02,DJX,0.655020666,11,vol_063,Volatility 3-month
2008-12-03,DJX,0.02034048,1,r,Return
2008-12-03,DJX,85.92,2,p,Price
2008-12-03,DJX,0.686631974,9,vol_021,Volatility 1-month
2008-12-03,DJX,0.654887857,11,vol_063,Volatility 3-month
2008-12-04,DJX,-0.02546106,1,r,Return
2008-12-04,DJX,83.76,2,p,Price
2008-12-04,DJX,0.677453883,9,vol_021,Volatility 1-month
2008-12-04,DJX,0.656092973,11,vol_063,Volatility 3-month
2008-12-05,DJX,0.03045324,1,r,Return
2008-12-05,DJX,86.35,2,p,Price
2008-12-05,DJX,0.668179643,9,vol_021,Volatility 1-month
2008-12-05,DJX,0.657088919,11,vol_063,Volatility 3-month
2008-12-08,DJX,0.03404051,1,r,Return
2008-12-08,DJX,89.34,2,p,Price
2008-12-08,DJX,0.656848413,9,vol_021,Volatility 1-month
2008-12-08,DJX,0.660276458,11,vol_063,Volatility 3-month
2008-12-09,DJX,-0.02757622,1,r,Return
2008-12-09,DJX,86.91,2,p,Price
2008-12-09,DJX,0.656514879,9,vol_021,Volatility 1-month
2008-12-09,DJX,0.661841195,11,vol_063,Volatility 3-month
2008-12-10,DJX,0.00802205,1,r,Return
2008-12-10,DJX,87.61,2,p,Price
2008-12-10,DJX,0.656792961,9,vol_021,Volatility 1-month
2008-12-10,DJX,0.661222715,11,vol_063,Volatility 3-month
2008-12-11,DJX,-0.02262592,1,r,Return
2008-12-11,DJX,85.65,2,p,Price
2008-12-11,DJX,0.657775456,9,vol_021,Volatility 1-month
2008-12-11,DJX,0.662208727,11,vol_063,Volatility 3-month
2008-12-12,DJX,0.00756037,1,r,Return
2008-12-12,DJX,86.3,2,p,Price
2008-12-12,DJX,0.634792879,9,vol_021,Volatility 1-month
2008-12-12,DJX,0.657459435,11,vol_063,Volatility 3-month
2008-12-15,DJX,-0.00756037,1,r,Return
2008-12-15,DJX,85.65,2,p,Price
2008-12-15,DJX,0.593017536,9,vol_021,Volatility 1-month
2008-12-15,DJX,0.656635652,11,vol_063,Volatility 3-month
2008-12-16,DJX,0.04106015,1,r,Return
2008-12-16,DJX,89.24,2,p,Price
2008-12-16,DJX,0.594033435,9,vol_021,Volatility 1-month
2008-12-16,DJX,0.658271967,11,vol_063,Volatility 3-month
2008-12-17,DJX,-0.011269,1,r,Return
2008-12-17,DJX,88.24,2,p,Price
2008-12-17,DJX,0.586959245,9,vol_021,Volatility 1-month
2008-12-17,DJX,0.653254113,11,vol_063,Volatility 3-month
2008-12-18,DJX,-0.02513185,1,r,Return
2008-12-18,DJX,86.05,2,p,Price
2008-12-18,DJX,0.592093893,9,vol_021,Volatility 1-month
2008-12-18,DJX,0.650417514,11,vol_063,Volatility 3-month
2008-12-19,DJX,-0.00302607,1,r,Return
2008-12-19,DJX,85.79,2,p,Price
2008-12-19,DJX,0.560131599,9,vol_021,Volatility 1-month
2008-12-19,DJX,0.647788266,11,vol_063,Volatility 3-month
2008-12-22,DJX,-0.00690102,1,r,Return
2008-12-22,DJX,85.2,2,p,Price
2008-12-22,DJX,0.516989638,9,vol_021,Volatility 1-month
2008-12-22,DJX,0.647442956,11,vol_063,Volatility 3-month
2008-12-23,DJX,-0.01192528,1,r,Return
2008-12-23,DJX,84.19,2,p,Price
2008-12-23,DJX,0.475371876,9,vol_021,Volatility 1-month
2008-12-23,DJX,0.64763942,11,vol_063,Volatility 3-month
2008-12-24,DJX,0.0058033,1,r,Return
2008-12-24,DJX,84.68,2,p,Price
2008-12-24,DJX,0.445423626,9,vol_021,Volatility 1-month
2008-12-24,DJX,0.64640954,11,vol_063,Volatility 3-month
2008-12-26,DJX,0.00565239,1,r,Return
2008-12-26,DJX,85.16,2,p,Price
2008-12-26,DJX,0.44561254,9,vol_021,Volatility 1-month
2008-12-26,DJX,0.645995152,11,vol_063,Volatility 3-month
2008-12-29,DJX,-0.00376471,1,r,Return
2008-12-29,DJX,84.84,2,p,Price
2008-12-29,DJX,0.433370391,9,vol_021,Volatility 1-month
2008-12-29,DJX,0.630993181,11,vol_063,Volatility 3-month
2008-12-30,DJX,0.02145605,1,r,Return
2008-12-30,DJX,86.68,2,p,Price
2008-12-30,DJX,0.438388404,9,vol_021,Volatility 1-month
2008-12-30,DJX,0.62515707,11,vol_063,Volatility 3-month
2008-12-31,DJX,0.01238264,1,r,Return
2008-12-31,DJX,87.76,2,p,Price
2008-12-31,DJX,0.331793782,9,vol_021,Volatility 1-month
2008-12-31,DJX,0.625963288,11,vol_063,Volatility 3-month
2009-01-02,DJX,0.0290852,1,r,Return
2009-01-02,DJX,90.35,2,p,Price
2009-01-02,DJX,0.328121304,9,vol_021,Volatility 1-month
2009-01-02,DJX,0.626389461,11,vol_063,Volatility 3-month
2009-01-05,DJX,-0.00911725,1,r,Return
2009-01-05,DJX,89.53,2,p,Price
2009-01-05,DJX,0.324766721,9,vol_021,Volatility 1-month
2009-01-05,DJX,0.626001777,11,vol_063,Volatility 3-month
2009-01-06,DJX,0.00690119,1,r,Return
2009-01-06,DJX,90.15,2,p,Price
2009-01-06,DJX,0.309319665,9,vol_021,Volatility 1-month
2009-01-06,DJX,0.622385889,11,vol_063,Volatility 3-month
2009-01-07,DJX,-0.02755305,1,r,Return
2009-01-07,DJX,87.7,2,p,Price
2009-01-07,DJX,0.310898108,9,vol_021,Volatility 1-month
2009-01-07,DJX,0.6160646,11,vol_063,Volatility 3-month
2009-01-08,DJX,-0.00319781,1,r,Return
2009-01-08,DJX,87.42,2,p,Price
2009-01-08,DJX,0.286439094,9,vol_021,Volatility 1-month
2009-01-08,DJX,0.614867231,11,vol_063,Volatility 3-month
2009-01-09,DJX,-0.01649308,1,r,Return
2009-01-09,DJX,85.99,2,p,Price
2009-01-09,DJX,0.27587755,9,vol_021,Volatility 1-month
2009-01-09,DJX,0.596487192,11,vol_063,Volatility 3-month
2009-01-12,DJX,-0.01464327,1,r,Return
2009-01-12,DJX,84.74,2,p,Price
2009-01-12,DJX,0.278211527,9,vol_021,Volatility 1-month
2009-01-12,DJX,0.596447722,11,vol_063,Volatility 3-month
2009-01-13,DJX,-0.00295456,1,r,Return
2009-01-13,DJX,84.49,2,p,Price
2009-01-13,DJX,0.267610468,9,vol_021,Volatility 1-month
2009-01-13,DJX,0.556895018,11,vol_063,Volatility 3-month
2009-01-14,DJX,-0.02991394,1,r,Return
2009-01-14,DJX,82,2,p,Price
2009-01-14,DJX,0.284102787,9,vol_021,Volatility 1-month
2009-01-14,DJX,0.559614494,11,vol_063,Volatility 3-month
2009-01-15,DJX,0.00146235,1,r,Return
2009-01-15,DJX,82.12,2,p,Price
2009-01-15,DJX,0.283770456,9,vol_021,Volatility 1-month
2009-01-15,DJX,0.535508229,11,vol_063,Volatility 3-month
2009-01-16,DJX,0.00836724,1,r,Return
2009-01-16,DJX,82.81,2,p,Price
2009-01-16,DJX,0.240567159,9,vol_021,Volatility 1-month
2009-01-16,DJX,0.527512693,11,vol_063,Volatility 3-month
2009-01-20,DJX,-0.0409176,1,r,Return
2009-01-20,DJX,79.49,2,p,Price
2009-01-20,DJX,0.272360129,9,vol_021,Volatility 1-month
2009-01-20,DJX,0.532846567,11,vol_063,Volatility 3-month
2009-01-21,DJX,0.03449684,1,r,Return
2009-01-21,DJX,82.28,2,p,Price
2009-01-21,DJX,0.294202611,9,vol_021,Volatility 1-month
2009-01-21,DJX,0.529290564,11,vol_063,Volatility 3-month
2009-01-22,DJX,-0.01284343,1,r,Return
2009-01-22,DJX,81.23,2,p,Price
2009-01-22,DJX,0.296534313,9,vol_021,Volatility 1-month
2009-01-22,DJX,0.527643754,11,vol_063,Volatility 3-month
2009-01-23,DJX,-0.00555523,1,r,Return
2009-01-23,DJX,80.78,2,p,Price
2009-01-23,DJX,0.296324986,9,vol_021,Volatility 1-month
2009-01-23,DJX,0.514856048,11,vol_063,Volatility 3-month
2009-01-26,DJX,0.00469311,1,r,Return
2009-01-26,DJX,81.16,2,p,Price
2009-01-26,DJX,0.29528087,9,vol_021,Volatility 1-month
2009-01-26,DJX,0.513246766,11,vol_063,Volatility 3-month
2009-01-27,DJX,0.0072433,1,r,Return
2009-01-27,DJX,81.75,2,p,Price
2009-01-27,DJX,0.295786414,9,vol_021,Volatility 1-month
2009-01-27,DJX,0.5083955,11,vol_063,Volatility 3-month
2009-01-28,DJX,0.02417036,1,r,Return
2009-01-28,DJX,83.75,2,p,Price
2009-01-28,DJX,0.308260914,9,vol_021,Volatility 1-month
2009-01-28,DJX,0.50832821,11,vol_063,Volatility 3-month
2009-01-29,DJX,-0.02735586,1,r,Return
2009-01-29,DJX,81.49,2,p,Price
2009-01-29,DJX,0.32166561,9,vol_021,Volatility 1-month
2009-01-29,DJX,0.466306131,11,vol_063,Volatility 3-month
2009-01-30,DJX,-0.01832869,1,r,Return
2009-01-30,DJX,80.01,2,p,Price
2009-01-30,DJX,0.31468715,9,vol_021,Volatility 1-month
2009-01-30,DJX,0.467319883,11,vol_063,Volatility 3-month
2009-02-02,DJX,-0.00803116,1,r,Return
2009-02-02,DJX,79.37,2,p,Price
2009-02-02,DJX,0.309349689,9,vol_021,Volatility 1-month
2009-02-02,DJX,0.465169697,11,vol_063,Volatility 3-month
2009-02-03,DJX,0.01760895,1,r,Return
2009-02-03,DJX,80.78,2,p,Price
2009-02-03,DJX,0.295774178,9,vol_021,Volatility 1-month
2009-02-03,DJX,0.465507133,11,vol_063,Volatility 3-month
2009-02-04,DJX,-0.01509227,1,r,Return
2009-02-04,DJX,79.57,2,p,Price
2009-02-04,DJX,0.297457218,9,vol_021,Volatility 1-month
2009-02-04,DJX,0.466195487,11,vol_063,Volatility 3-month
2009-02-05,DJX,0.01323365,1,r,Return
2009-02-05,DJX,80.63,2,p,Price
2009-02-05,DJX,0.301594877,9,vol_021,Volatility 1-month
2009-02-05,DJX,0.461979754,11,vol_063,Volatility 3-month
2009-02-06,DJX,0.02667804,1,r,Return
2009-02-06,DJX,82.81,2,p,Price
2009-02-06,DJX,0.309612429,9,vol_021,Volatility 1-month
2009-02-06,DJX,0.454755454,11,vol_063,Volatility 3-month
2009-02-09,DJX,-0.00120831,1,r,Return
2009-02-09,DJX,82.71,2,p,Price
2009-02-09,DJX,0.309651421,9,vol_021,Volatility 1-month
2009-02-09,DJX,0.444115673,11,vol_063,Volatility 3-month
2009-02-10,DJX,-0.04728604,1,r,Return
2009-02-10,DJX,78.89,2,p,Price
2009-02-10,DJX,0.343532114,9,vol_021,Volatility 1-month
2009-02-10,DJX,0.449731684,11,vol_063,Volatility 3-month
2009-02-11,DJX,0.00644389,1,r,Return
2009-02-11,DJX,79.4,2,p,Price
2009-02-11,DJX,0.343146636,9,vol_021,Volatility 1-month
2009-02-11,DJX,0.449864015,11,vol_063,Volatility 3-month
2009-02-12,DJX,-0.000882,1,r,Return
2009-02-12,DJX,79.33,2,p,Price
2009-02-12,DJX,0.343232762,9,vol_021,Volatility 1-month
2009-02-12,DJX,0.44830965,11,vol_063,Volatility 3-month
2009-02-13,DJX,-0.01051774,1,r,Return
2009-02-13,DJX,78.5,2,p,Price
2009-02-13,DJX,0.330406661,9,vol_021,Volatility 1-month
2009-02-13,DJX,0.438467986,11,vol_063,Volatility 3-month
2009-02-17,DJX,-0.0385687,1,r,Return
2009-02-17,DJX,75.53,2,p,Price
2009-02-17,DJX,0.353309742,9,vol_021,Volatility 1-month
2009-02-17,DJX,0.424243859,11,vol_063,Volatility 3-month
2009-02-18,DJX,0.00039711,1,r,Return
2009-02-18,DJX,75.56,2,p,Price
2009-02-18,DJX,0.350869569,9,vol_021,Volatility 1-month
2009-02-18,DJX,0.417726942,11,vol_063,Volatility 3-month
2009-02-19,DJX,-0.01198257,1,r,Return
2009-02-19,DJX,74.66,2,p,Price
2009-02-19,DJX,0.326346428,9,vol_021,Volatility 1-month
2009-02-19,DJX,0.415225346,11,vol_063,Volatility 3-month
2009-02-20,DJX,-0.01348456,1,r,Return
2009-02-20,DJX,73.66,2,p,Price
2009-02-20,DJX,0.298006715,9,vol_021,Volatility 1-month
2009-02-20,DJX,0.413930947,11,vol_063,Volatility 3-month
2009-02-23,DJX,-0.03466959,1,r,Return
2009-02-23,DJX,71.15,2,p,Price
2009-02-23,DJX,0.314149897,9,vol_021,Volatility 1-month
2009-02-23,DJX,0.40676643,11,vol_063,Volatility 3-month
2009-02-24,DJX,0.03263113,1,r,Return
2009-02-24,DJX,73.51,2,p,Price
2009-02-24,DJX,0.34192708,9,vol_021,Volatility 1-month
2009-02-24,DJX,0.396607261,11,vol_063,Volatility 3-month
2009-02-25,DJX,-0.01094253,1,r,Return
2009-02-25,DJX,72.71,2,p,Price
2009-02-25,DJX,0.340923978,9,vol_021,Volatility 1-month
2009-02-25,DJX,0.375300983,11,vol_063,Volatility 3-month
2009-02-26,DJX,-0.01231594,1,r,Return
2009-02-26,DJX,71.82,2,p,Price
2009-02-26,DJX,0.338628496,9,vol_021,Volatility 1-month
2009-02-26,DJX,0.361956893,11,vol_063,Volatility 3-month
2009-02-27,DJX,-0.01670801,1,r,Return
2009-02-27,DJX,70.63,2,p,Price
2009-02-27,DJX,0.321668125,9,vol_021,Volatility 1-month
2009-02-27,DJX,0.362778113,11,vol_063,Volatility 3-month
2009-03-02,DJX,-0.04340331,1,r,Return
2009-03-02,DJX,67.63,2,p,Price
2009-03-02,DJX,0.33814524,9,vol_021,Volatility 1-month
2009-03-02,DJX,0.365851253,11,vol_063,Volatility 3-month
2009-03-03,DJX,-0.00548597,1,r,Return
2009-03-03,DJX,67.26,2,p,Price
2009-03-03,DJX,0.336545236,9,vol_021,Volatility 1-month
2009-03-03,DJX,0.364470881,11,vol_063,Volatility 3-month
2009-03-04,DJX,0.02205647,1,r,Return
2009-03-04,DJX,68.76,2,p,Price
2009-03-04,DJX,0.352567634,9,vol_021,Volatility 1-month
2009-03-04,DJX,0.334098749,11,vol_063,Volatility 3-month
2009-03-05,DJX,-0.04187694,1,r,Return
2009-03-05,DJX,65.94,2,p,Price
2009-03-05,DJX,0.360730984,9,vol_021,Volatility 1-month
2009-03-05,DJX,0.335322639,11,vol_063,Volatility 3-month
2009-03-06,DJX,0.00499207,1,r,Return
2009-03-06,DJX,66.27,2,p,Price
2009-03-06,DJX,0.363622049,9,vol_021,Volatility 1-month
2009-03-06,DJX,0.332207539,11,vol_063,Volatility 3-month
2009-03-09,DJX,-0.01214528,1,r,Return
2009-03-09,DJX,65.47,2,p,Price
2009-03-09,DJX,0.354846931,9,vol_021,Volatility 1-month
2009-03-09,DJX,0.329789696,11,vol_063,Volatility 3-month
2009-03-10,DJX,0.05627552,1,r,Return
2009-03-10,DJX,69.26,2,p,Price
2009-03-10,DJX,0.404628096,9,vol_021,Volatility 1-month
2009-03-10,DJX,0.344444057,11,vol_063,Volatility 3-month
2009-03-11,DJX,0.00057737,1,r,Return
2009-03-11,DJX,69.3,2,p,Price
2009-03-11,DJX,0.405081064,9,vol_021,Volatility 1-month
2009-03-11,DJX,0.336019013,11,vol_063,Volatility 3-month
2009-03-12,DJX,0.03404584,1,r,Return
2009-03-12,DJX,71.7,2,p,Price
2009-03-12,DJX,0.404744528,9,vol_021,Volatility 1-month
2009-03-12,DJX,0.341033497,11,vol_063,Volatility 3-month
2009-03-13,DJX,0.00750316,1,r,Return
2009-03-13,DJX,72.24,2,p,Price
2009-03-13,DJX,0.405123539,9,vol_021,Volatility 1-month
2009-03-13,DJX,0.340966574,11,vol_063,Volatility 3-month
2009-03-16,DJX,-0.00096946,1,r,Return
2009-03-16,DJX,72.17,2,p,Price
2009-03-16,DJX,0.40511381,9,vol_021,Volatility 1-month
2009-03-16,DJX,0.338659193,11,vol_063,Volatility 3-month
2009-03-17,DJX,0.02449996,1,r,Return
2009-03-17,DJX,73.96,2,p,Price
2009-03-17,DJX,0.416564044,9,vol_021,Volatility 1-month
2009-03-17,DJX,0.342422588,11,vol_063,Volatility 3-month
2009-03-18,DJX,0.01222887,1,r,Return
2009-03-18,DJX,74.87,2,p,Price
2009-03-18,DJX,0.398434495,9,vol_021,Volatility 1-month
2009-03-18,DJX,0.34350761,11,vol_063,Volatility 3-month
2009-03-19,DJX,-0.01155306,1,r,Return
2009-03-19,DJX,74.01,2,p,Price
2009-03-19,DJX,0.400272756,9,vol_021,Volatility 1-month
2009-03-19,DJX,0.332559282,11,vol_063,Volatility 3-month
2009-03-20,DJX,-0.01675903,1,r,Return
2009-03-20,DJX,72.78,2,p,Price
2009-03-20,DJX,0.402263044,9,vol_021,Volatility 1-month
2009-03-20,DJX,0.333296561,11,vol_063,Volatility 3-month
2009-03-23,DJX,0.06618597,1,r,Return
2009-03-23,DJX,77.76,2,p,Price
2009-03-23,DJX,0.461897817,9,vol_021,Volatility 1-month
2009-03-23,DJX,0.357849105,11,vol_063,Volatility 3-month
2009-03-24,DJX,-0.01503008,1,r,Return
2009-03-24,DJX,76.6,2,p,Price
2009-03-24,DJX,0.446702377,9,vol_021,Volatility 1-month
2009-03-24,DJX,0.358846413,11,vol_063,Volatility 3-month
2009-03-25,DJX,0.01168086,1,r,Return
2009-03-25,DJX,77.5,2,p,Price
2009-03-25,DJX,0.435244763,9,vol_021,Volatility 1-month
2009-03-25,DJX,0.359695904,11,vol_063,Volatility 3-month
2009-03-26,DJX,0.02232948,1,r,Return
2009-03-26,DJX,79.25,2,p,Price
2009-03-26,DJX,0.4375353,9,vol_021,Volatility 1-month
2009-03-26,DJX,0.362177694,11,vol_063,Volatility 3-month
2009-03-27,DJX,-0.01898025,1,r,Return
2009-03-27,DJX,77.76,2,p,Price
2009-03-27,DJX,0.44127908,9,vol_021,Volatility 1-month
2009-03-27,DJX,0.363685357,11,vol_063,Volatility 3-month
2009-03-30,DJX,-0.03321001,1,r,Return
2009-03-30,DJX,75.22,2,p,Price
2009-03-30,DJX,0.454441011,9,vol_021,Volatility 1-month
2009-03-30,DJX,0.368910583,11,vol_063,Volatility 3-month
2009-03-31,DJX,0.0114997,1,r,Return
2009-03-31,DJX,76.09,2,p,Price
2009-03-31,DJX,0.422480342,9,vol_021,Volatility 1-month
2009-03-31,DJX,0.369870707,11,vol_063,Volatility 3-month
2009-04-01,DJX,0.01990828,1,r,Return
2009-04-01,DJX,77.62,2,p,Price
2009-04-01,DJX,0.423232409,9,vol_021,Volatility 1-month
2009-04-01,DJX,0.369489142,11,vol_063,Volatility 3-month
2009-04-02,DJX,0.02744772,1,r,Return
2009-04-02,DJX,79.78,2,p,Price
2009-04-02,DJX,0.426080066,9,vol_021,Volatility 1-month
2009-04-02,DJX,0.37304301,11,vol_063,Volatility 3-month
2009-04-03,DJX,0.00500126,1,r,Return
2009-04-03,DJX,80.18,2,p,Price
2009-04-03,DJX,0.387404602,9,vol_021,Volatility 1-month
2009-04-03,DJX,0.368090614,11,vol_063,Volatility 3-month
2009-04-06,DJX,-0.00525198,1,r,Return
2009-04-06,DJX,79.76,2,p,Price
2009-04-06,DJX,0.390456808,9,vol_021,Volatility 1-month
2009-04-06,DJX,0.36786349,11,vol_063,Volatility 3-month
2009-04-07,DJX,-0.02359617,1,r,Return
2009-04-07,DJX,77.9,2,p,Price
2009-04-07,DJX,0.400100833,9,vol_021,Volatility 1-month
2009-04-07,DJX,0.36997066,11,vol_063,Volatility 3-month
2009-04-08,DJX,0.00601525,1,r,Return
2009-04-08,DJX,78.37,2,p,Price
2009-04-08,DJX,0.360002622,9,vol_021,Volatility 1-month
2009-04-08,DJX,0.366741861,11,vol_063,Volatility 3-month
2009-04-09,DJX,0.03090698,1,r,Return
2009-04-09,DJX,80.83,2,p,Price
2009-04-09,DJX,0.369573089,9,vol_021,Volatility 1-month
2009-04-09,DJX,0.372505794,11,vol_063,Volatility 3-month
2009-04-13,DJX,-0.0030977,1,r,Return
2009-04-13,DJX,80.58,2,p,Price
2009-04-13,DJX,0.357955727,9,vol_021,Volatility 1-month
2009-04-13,DJX,0.37123823,11,vol_063,Volatility 3-month
2009-04-14,DJX,-0.01727418,1,r,Return
2009-04-14,DJX,79.2,2,p,Price
2009-04-14,DJX,0.366450551,9,vol_021,Volatility 1-month
2009-04-14,DJX,0.371667355,11,vol_063,Volatility 3-month
2009-04-15,DJX,0.01379332,1,r,Return
2009-04-15,DJX,80.3,2,p,Price
2009-04-15,DJX,0.367302495,9,vol_021,Volatility 1-month
2009-04-15,DJX,0.372830327,11,vol_063,Volatility 3-month
2009-04-16,DJX,0.0117612,1,r,Return
2009-04-16,DJX,81.25,2,p,Price
2009-04-16,DJX,0.36142122,9,vol_021,Volatility 1-month
2009-04-16,DJX,0.368902474,11,vol_063,Volatility 3-month
2009-04-17,DJX,0.00073819,1,r,Return
2009-04-17,DJX,81.31,2,p,Price
2009-04-17,DJX,0.360506464,9,vol_021,Volatility 1-month
2009-04-17,DJX,0.368892486,11,vol_063,Volatility 3-month
2009-04-20,DJX,-0.03619001,1,r,Return
2009-04-20,DJX,78.42,2,p,Price
2009-04-20,DJX,0.383224368,9,vol_021,Volatility 1-month
2009-04-20,DJX,0.375413631,11,vol_063,Volatility 3-month
2009-04-21,DJX,0.01619059,1,r,Return
2009-04-21,DJX,79.7,2,p,Price
2009-04-21,DJX,0.379058059,9,vol_021,Volatility 1-month
2009-04-21,DJX,0.367949451,11,vol_063,Volatility 3-month
2009-04-22,DJX,-0.01046866,1,r,Return
2009-04-22,DJX,78.87,2,p,Price
2009-04-22,DJX,0.307733462,9,vol_021,Volatility 1-month
2009-04-22,DJX,0.361773685,11,vol_063,Volatility 3-month
2009-04-23,DJX,0.00883621,1,r,Return
2009-04-23,DJX,79.57,2,p,Price
2009-04-23,DJX,0.303462686,9,vol_021,Volatility 1-month
2009-04-23,DJX,0.361407216,11,vol_063,Volatility 3-month
2009-04-24,DJX,0.01484466,1,r,Return
2009-04-24,DJX,80.76,2,p,Price
2009-04-24,DJX,0.304953414,9,vol_021,Volatility 1-month
2009-04-24,DJX,0.362509194,11,vol_063,Volatility 3-month
2009-04-27,DJX,-0.00633503,1,r,Return
2009-04-27,DJX,80.25,2,p,Price
2009-04-27,DJX,0.296890785,9,vol_021,Volatility 1-month
2009-04-27,DJX,0.362599386,11,vol_063,Volatility 3-month
2009-04-28,DJX,-0.00099738,1,r,Return
2009-04-28,DJX,80.17,2,p,Price
2009-04-28,DJX,0.288362447,9,vol_021,Volatility 1-month
2009-04-28,DJX,0.362288201,11,vol_063,Volatility 3-month
2009-04-29,DJX,0.02086109,1,r,Return
2009-04-29,DJX,81.86,2,p,Price
2009-04-29,DJX,0.266467592,9,vol_021,Volatility 1-month
2009-04-29,DJX,0.361438793,11,vol_063,Volatility 3-month
2009-04-30,DJX,-0.0022013,1,r,Return
2009-04-30,DJX,81.68,2,p,Price
2009-04-30,DJX,0.26585326,9,vol_021,Volatility 1-month
2009-04-30,DJX,0.357280433,11,vol_063,Volatility 3-month
2009-05-01,DJX,0.00537242,1,r,Return
2009-05-01,DJX,82.12,2,p,Price
2009-05-01,DJX,0.259147742,9,vol_021,Volatility 1-month
2009-05-01,DJX,0.355468453,11,vol_063,Volatility 3-month
2009-05-04,DJX,0.02584434,1,r,Return
2009-05-04,DJX,84.27,2,p,Price
2009-05-04,DJX,0.257269907,9,vol_021,Volatility 1-month
2009-05-04,DJX,0.358640014,11,vol_063,Volatility 3-month
2009-05-05,DJX,-0.00190046,1,r,Return
2009-05-05,DJX,84.11,2,p,Price
2009-05-05,DJX,0.257571432,9,vol_021,Volatility 1-month
2009-05-05,DJX,0.357076016,11,vol_063,Volatility 3-month
2009-05-06,DJX,0.01193656,1,r,Return
2009-05-06,DJX,85.12,2,p,Price
2009-05-06,DJX,0.258121091,9,vol_021,Volatility 1-month
2009-05-06,DJX,0.356326508,11,vol_063,Volatility 3-month
2009-05-07,DJX,-0.01205546,1,r,Return
2009-05-07,DJX,84.1,2,p,Price
2009-05-07,DJX,0.245889504,9,vol_021,Volatility 1-month
2009-05-07,DJX,0.356407394,11,vol_063,Volatility 3-month
2009-05-08,DJX,0.01942952,1,r,Return
2009-05-08,DJX,85.75,2,p,Price
2009-05-08,DJX,0.251836504,9,vol_021,Volatility 1-month
2009-05-08,DJX,0.354547376,11,vol_063,Volatility 3-month
2009-05-11,DJX,-0.01835994,1,r,Return
2009-05-11,DJX,84.19,2,p,Price
2009-05-11,DJX,0.243920217,9,vol_021,Volatility 1-month
2009-05-11,DJX,0.356547662,11,vol_063,Volatility 3-month
2009-05-12,DJX,0.00592138,1,r,Return
2009-05-12,DJX,84.69,2,p,Price
2009-05-12,DJX,0.243574127,9,vol_021,Volatility 1-month
2009-05-12,DJX,0.34333104,11,vol_063,Volatility 3-month
2009-05-13,DJX,-0.02196579,1,r,Return
2009-05-13,DJX,82.85,2,p,Price
2009-05-13,DJX,0.248826976,9,vol_021,Volatility 1-month
2009-05-13,DJX,0.346231903,11,vol_063,Volatility 3-month
2009-05-14,DJX,0.00553685,1,r,Return
2009-05-14,DJX,83.31,2,p,Price
2009-05-14,DJX,0.245579751,9,vol_021,Volatility 1-month
2009-05-14,DJX,0.346352548,11,vol_063,Volatility 3-month
2009-05-15,DJX,-0.00746991,1,r,Return
2009-05-15,DJX,82.69,2,p,Price
2009-05-15,DJX,0.24473844,9,vol_021,Volatility 1-month
2009-05-15,DJX,0.346002033,11,vol_063,Volatility 3-month
2009-05-18,DJX,0.02802306,1,r,Return
2009-05-18,DJX,85.04,2,p,Price
2009-05-18,DJX,0.262226682,9,vol_021,Volatility 1-month
2009-05-18,DJX,0.340778792,11,vol_063,Volatility 3-month
2009-05-19,DJX,-0.00341599,1,r,Return
2009-05-19,DJX,84.75,2,p,Price
2009-05-19,DJX,0.223604434,9,vol_021,Volatility 1-month
2009-05-19,DJX,0.340931641,11,vol_063,Volatility 3-month
2009-05-20,DJX,-0.00627332,1,r,Return
2009-05-20,DJX,84.22,2,p,Price
2009-05-20,DJX,0.221318076,9,vol_021,Volatility 1-month
2009-05-20,DJX,0.340182439,11,vol_063,Volatility 3-month
2009-05-21,DJX,-0.01555614,1,r,Return
2009-05-21,DJX,82.92,2,p,Price
2009-05-21,DJX,0.225767973,9,vol_021,Volatility 1-month
2009-05-21,DJX,0.340588525,11,vol_063,Volatility 3-month
2009-05-22,DJX,-0.00181061,1,r,Return
2009-05-22,DJX,82.77,2,p,Price
2009-05-22,DJX,0.224945444,9,vol_021,Volatility 1-month
2009-05-22,DJX,0.332500632,11,vol_063,Volatility 3-month
2009-05-26,DJX,0.02340405,1,r,Return
2009-05-26,DJX,84.73,2,p,Price
2009-05-26,DJX,0.232973331,9,vol_021,Volatility 1-month
2009-05-26,DJX,0.329590295,11,vol_063,Volatility 3-month
2009-05-27,DJX,-0.02062912,1,r,Return
2009-05-27,DJX,83,2,p,Price
2009-05-27,DJX,0.244608883,9,vol_021,Volatility 1-month
2009-05-27,DJX,0.331729211,11,vol_063,Volatility 3-month
2009-05-28,DJX,0.01245227,1,r,Return
2009-05-28,DJX,84.04,2,p,Price
2009-05-28,DJX,0.247229397,9,vol_021,Volatility 1-month
2009-05-28,DJX,0.331051961,11,vol_063,Volatility 3-month
2009-05-29,DJX,0.01135838,1,r,Return
2009-05-29,DJX,85,2,p,Price
2009-05-29,DJX,0.240308161,9,vol_021,Volatility 1-month
2009-05-29,DJX,0.329188811,11,vol_063,Volatility 3-month
2009-06-01,DJX,0.02566775,1,r,Return
2009-06-01,DJX,87.21,2,p,Price
2009-06-01,DJX,0.253502329,9,vol_021,Volatility 1-month
2009-06-01,DJX,0.318477389,11,vol_063,Volatility 3-month
2009-06-02,DJX,0.00229069,1,r,Return
2009-06-02,DJX,87.41,2,p,Price
2009-06-02,DJX,0.253381996,9,vol_021,Volatility 1-month
2009-06-02,DJX,0.317911632,11,vol_063,Volatility 3-month
2009-06-03,DJX,-0.00757927,1,r,Return
2009-06-03,DJX,86.75,2,p,Price
2009-06-03,DJX,0.241544893,9,vol_021,Volatility 1-month
2009-06-03,DJX,0.316653344,11,vol_063,Volatility 3-month
2009-06-04,DJX,0.00860838,1,r,Return
2009-06-04,DJX,87.5,2,p,Price
2009-06-04,DJX,0.242487349,9,vol_021,Volatility 1-month
2009-06-04,DJX,0.302926206,11,vol_063,Volatility 3-month
2009-06-05,DJX,0.00148461,1,r,Return
2009-06-05,DJX,87.63,2,p,Price
2009-06-05,DJX,0.23971371,9,vol_021,Volatility 1-month
2009-06-05,DJX,0.302983813,11,vol_063,Volatility 3-month
2009-06-08,DJX,0.00011411,1,r,Return
2009-06-08,DJX,87.64,2,p,Price
2009-06-08,DJX,0.234772998,9,vol_021,Volatility 1-month
2009-06-08,DJX,0.301244171,11,vol_063,Volatility 3-month
2009-06-09,DJX,-0.00011411,1,r,Return
2009-06-09,DJX,87.63,2,p,Price
2009-06-09,DJX,0.226052509,9,vol_021,Volatility 1-month
2009-06-09,DJX,0.282476437,11,vol_063,Volatility 3-month
2009-06-10,DJX,-0.00274255,1,r,Return
2009-06-10,DJX,87.39,2,p,Price
2009-06-10,DJX,0.215393655,9,vol_021,Volatility 1-month
2009-06-10,DJX,0.282705184,11,vol_063,Volatility 3-month
2009-06-11,DJX,0.00365506,1,r,Return
2009-06-11,DJX,87.71,2,p,Price
2009-06-11,DJX,0.214986829,9,vol_021,Volatility 1-month
2009-06-11,DJX,0.275889809,11,vol_063,Volatility 3-month
2009-06-12,DJX,0.00318725,1,r,Return
2009-06-12,DJX,87.99,2,p,Price
2009-06-12,DJX,0.197055053,9,vol_021,Volatility 1-month
2009-06-12,DJX,0.275751141,11,vol_063,Volatility 3-month
2009-06-15,DJX,-0.0214815,1,r,Return
2009-06-15,DJX,86.12,2,p,Price
2009-06-15,DJX,0.213944581,9,vol_021,Volatility 1-month
2009-06-15,DJX,0.280009513,11,vol_063,Volatility 3-month
2009-06-16,DJX,-0.01250235,1,r,Return
2009-06-16,DJX,85.05,2,p,Price
2009-06-16,DJX,0.217310456,9,vol_021,Volatility 1-month
2009-06-16,DJX,0.27813006,11,vol_063,Volatility 3-month
2009-06-17,DJX,-0.00094107,1,r,Return
2009-06-17,DJX,84.97,2,p,Price
2009-06-17,DJX,0.194460911,9,vol_021,Volatility 1-month
2009-06-17,DJX,0.277449698,11,vol_063,Volatility 3-month
2009-06-18,DJX,0.00691963,1,r,Return
2009-06-18,DJX,85.56,2,p,Price
2009-06-18,DJX,0.195492811,9,vol_021,Volatility 1-month
2009-06-18,DJX,0.276236856,11,vol_063,Volatility 3-month
2009-06-19,DJX,-0.00187178,1,r,Return
2009-06-19,DJX,85.4,2,p,Price
2009-06-19,DJX,0.194174795,9,vol_021,Volatility 1-month
2009-06-19,DJX,0.273654146,11,vol_063,Volatility 3-month
2009-06-22,DJX,-0.0238177,1,r,Return
2009-06-22,DJX,83.39,2,p,Price
2009-06-22,DJX,0.204693633,9,vol_021,Volatility 1-month
2009-06-22,DJX,0.24641791,11,vol_063,Volatility 3-month
2009-06-23,DJX,-0.00192054,1,r,Return
2009-06-23,DJX,83.23,2,p,Price
2009-06-23,DJX,0.20470806,9,vol_021,Volatility 1-month
2009-06-23,DJX,0.244313858,11,vol_063,Volatility 3-month
2009-06-24,DJX,-0.00276725,1,r,Return
2009-06-24,DJX,83,2,p,Price
2009-06-24,DJX,0.186717234,9,vol_021,Volatility 1-month
2009-06-24,DJX,0.243530492,11,vol_063,Volatility 3-month
2009-06-25,DJX,0.02051109,1,r,Return
2009-06-25,DJX,84.72,2,p,Price
2009-06-25,DJX,0.186561131,9,vol_021,Volatility 1-month
2009-06-25,DJX,0.242912216,11,vol_063,Volatility 3-month
2009-06-26,DJX,-0.0040213,1,r,Return
2009-06-26,DJX,84.38,2,p,Price
2009-06-26,DJX,0.182476592,9,vol_021,Volatility 1-month
2009-06-26,DJX,0.239717676,11,vol_063,Volatility 3-month
2009-06-29,DJX,0.01072681,1,r,Return
2009-06-29,DJX,85.29,2,p,Price
2009-06-29,DJX,0.182002138,9,vol_021,Volatility 1-month
2009-06-29,DJX,0.229916787,11,vol_063,Volatility 3-month
2009-06-30,DJX,-0.00966077,1,r,Return
2009-06-30,DJX,84.47,2,p,Price
2009-06-30,DJX,0.159357999,9,vol_021,Volatility 1-month
2009-06-30,DJX,0.230255782,11,vol_063,Volatility 3-month
2009-07-01,DJX,0.00672529,1,r,Return
2009-07-01,DJX,85.04,2,p,Price
2009-07-01,DJX,0.161421267,9,vol_021,Volatility 1-month
2009-07-01,DJX,0.227501963,11,vol_063,Volatility 3-month
2009-07-02,DJX,-0.02657291,1,r,Return
2009-07-02,DJX,82.81,2,p,Price
2009-07-02,DJX,0.182721509,9,vol_021,Volatility 1-month
2009-07-02,DJX,0.228063949,11,vol_063,Volatility 3-month
2009-07-06,DJX,0.0052993,1,r,Return
2009-07-06,DJX,83.25,2,p,Price
2009-07-06,DJX,0.180599374,9,vol_021,Volatility 1-month
2009-07-06,DJX,0.228088149,11,vol_063,Volatility 3-month
2009-07-07,DJX,-0.01952879,1,r,Return
2009-07-07,DJX,81.64,2,p,Price
2009-07-07,DJX,0.189402236,9,vol_021,Volatility 1-month
2009-07-07,DJX,0.231340134,11,vol_063,Volatility 3-month
2009-07-08,DJX,0.00171338,1,r,Return
2009-07-08,DJX,81.78,2,p,Price
2009-07-08,DJX,0.189853574,9,vol_021,Volatility 1-month
2009-07-08,DJX,0.226163086,11,vol_063,Volatility 3-month
2009-07-09,DJX,0.00061121,1,r,Return
2009-07-09,DJX,81.83,2,p,Price
2009-07-09,DJX,0.190023266,9,vol_021,Volatility 1-month
2009-07-09,DJX,0.225911934,11,vol_063,Volatility 3-month
2009-07-10,DJX,-0.00440907,1,r,Return
2009-07-10,DJX,81.47,2,p,Price
2009-07-10,DJX,0.190053674,9,vol_021,Volatility 1-month
2009-07-10,DJX,0.217598314,11,vol_063,Volatility 3-month
2009-07-13,DJX,0.02245376,1,r,Return
2009-07-13,DJX,83.32,2,p,Price
2009-07-13,DJX,0.208985594,9,vol_021,Volatility 1-month
2009-07-13,DJX,0.222016021,11,vol_063,Volatility 3-month
2009-07-14,DJX,0.00323528,1,r,Return
2009-07-14,DJX,83.59,2,p,Price
2009-07-14,DJX,0.20900197,9,vol_021,Volatility 1-month
2009-07-14,DJX,0.219100863,11,vol_063,Volatility 3-month
2009-07-15,DJX,0.03028214,1,r,Return
2009-07-15,DJX,86.16,2,p,Price
2009-07-15,DJX,0.225833199,9,vol_021,Volatility 1-month
2009-07-15,DJX,0.225447923,11,vol_063,Volatility 3-month
2009-07-16,DJX,0.01108045,1,r,Return
2009-07-16,DJX,87.12,2,p,Price
2009-07-16,DJX,0.224123393,9,vol_021,Volatility 1-month
2009-07-16,DJX,0.225321375,11,vol_063,Volatility 3-month
2009-07-17,DJX,0.00366637,1,r,Return
2009-07-17,DJX,87.44,2,p,Price
2009-07-17,DJX,0.224151326,9,vol_021,Volatility 1-month
2009-07-17,DJX,0.225377981,11,vol_063,Volatility 3-month
2009-07-20,DJX,0.01182369,1,r,Return
2009-07-20,DJX,88.48,2,p,Price
2009-07-20,DJX,0.226315996,9,vol_021,Volatility 1-month
2009-07-20,DJX,0.213169083,11,vol_063,Volatility 3-month
2009-07-21,DJX,0.00765597,1,r,Return
2009-07-21,DJX,89.16,2,p,Price
2009-07-21,DJX,0.226881394,9,vol_021,Volatility 1-month
2009-07-21,DJX,0.21152319,11,vol_063,Volatility 3-month
2009-07-22,DJX,-0.00393325,1,r,Return
2009-07-22,DJX,88.81,2,p,Price
2009-07-22,DJX,0.207983164,9,vol_021,Volatility 1-month
2009-07-22,DJX,0.210385735,11,vol_063,Volatility 3-month
2009-07-23,DJX,0.02094784,1,r,Return
2009-07-23,DJX,90.69,2,p,Price
2009-07-23,DJX,0.216096565,9,vol_021,Volatility 1-month
2009-07-23,DJX,0.213385566,11,vol_063,Volatility 3-month
2009-07-24,DJX,0.00264288,1,r,Return
2009-07-24,DJX,90.93,2,p,Price
2009-07-24,DJX,0.214742646,9,vol_021,Volatility 1-month
2009-07-24,DJX,0.211807605,11,vol_063,Volatility 3-month
2009-07-27,DJX,0.00175805,1,r,Return
2009-07-27,DJX,91.09,2,p,Price
2009-07-27,DJX,0.206627454,9,vol_021,Volatility 1-month
2009-07-27,DJX,0.21114881,11,vol_063,Volatility 3-month
2009-07-28,DJX,-0.00131825,1,r,Return
2009-07-28,DJX,90.97,2,p,Price
2009-07-28,DJX,0.20560523,9,vol_021,Volatility 1-month
2009-07-28,DJX,0.211168367,11,vol_063,Volatility 3-month
2009-07-29,DJX,-0.00286218,1,r,Return
2009-07-29,DJX,90.71,2,p,Price
2009-07-29,DJX,0.205042392,9,vol_021,Volatility 1-month
2009-07-29,DJX,0.207863197,11,vol_063,Volatility 3-month
2009-07-30,DJX,0.00910843,1,r,Return
2009-07-30,DJX,91.54,2,p,Price
2009-07-30,DJX,0.200780317,9,vol_021,Volatility 1-month
2009-07-30,DJX,0.208246387,11,vol_063,Volatility 3-month
2009-07-31,DJX,0.00196442,1,r,Return
2009-07-31,DJX,91.72,2,p,Price
2009-07-31,DJX,0.200591822,9,vol_021,Volatility 1-month
2009-07-31,DJX,0.208120868,11,vol_063,Volatility 3-month
2009-08-03,DJX,0.01246021,1,r,Return
2009-08-03,DJX,92.87,2,p,Price
2009-08-03,DJX,0.169823722,9,vol_021,Volatility 1-month
2009-08-03,DJX,0.203494236,11,vol_063,Volatility 3-month
2009-08-04,DJX,0.00354706,1,r,Return
2009-08-04,DJX,93.2,2,p,Price
2009-08-04,DJX,0.169952992,9,vol_021,Volatility 1-month
2009-08-04,DJX,0.203411266,11,vol_063,Volatility 3-month
2009-08-05,DJX,-0.00419333,1,r,Return
2009-08-05,DJX,92.81,2,p,Price
2009-08-05,DJX,0.148598532,9,vol_021,Volatility 1-month
2009-08-05,DJX,0.202645738,11,vol_063,Volatility 3-month
2009-08-06,DJX,-0.00269731,1,r,Return
2009-08-06,DJX,92.56,2,p,Price
2009-08-06,DJX,0.15100748,9,vol_021,Volatility 1-month
2009-08-06,DJX,0.200982745,11,vol_063,Volatility 3-month
2009-08-07,DJX,0.01224111,1,r,Return
2009-08-07,DJX,93.7,2,p,Price
2009-08-07,DJX,0.151252654,9,vol_021,Volatility 1-month
2009-08-07,DJX,0.198882632,11,vol_063,Volatility 3-month
2009-08-10,DJX,-0.003421,1,r,Return
2009-08-10,DJX,93.38,2,p,Price
2009-08-10,DJX,0.150395118,9,vol_021,Volatility 1-month
2009-08-10,DJX,0.195055039,11,vol_063,Volatility 3-month
2009-08-11,DJX,-0.01044199,1,r,Return
2009-08-11,DJX,92.41,2,p,Price
2009-08-11,DJX,0.149588586,9,vol_021,Volatility 1-month
2009-08-11,DJX,0.196337972,11,vol_063,Volatility 3-month
2009-08-12,DJX,0.01300884,1,r,Return
2009-08-12,DJX,93.62,2,p,Price
2009-08-12,DJX,0.152004676,9,vol_021,Volatility 1-month
2009-08-12,DJX,0.191840339,11,vol_063,Volatility 3-month
2009-08-13,DJX,0.00383796,1,r,Return
2009-08-13,DJX,93.98,2,p,Price
2009-08-13,DJX,0.122119332,9,vol_021,Volatility 1-month
2009-08-13,DJX,0.191740932,11,vol_063,Volatility 3-month
2009-08-14,DJX,-0.00822698,1,r,Return
2009-08-14,DJX,93.21,2,p,Price
2009-08-14,DJX,0.126523172,9,vol_021,Volatility 1-month
2009-08-14,DJX,0.191897426,11,vol_063,Volatility 3-month
2009-08-17,DJX,-0.02015673,1,r,Return
2009-08-17,DJX,91.35,2,p,Price
2009-08-17,DJX,0.150163739,9,vol_021,Volatility 1-month
2009-08-17,DJX,0.189417296,11,vol_063,Volatility 3-month
2009-08-18,DJX,0.0090449,1,r,Return
2009-08-18,DJX,92.18,2,p,Price
2009-08-18,DJX,0.148188123,9,vol_021,Volatility 1-month
2009-08-18,DJX,0.189839142,11,vol_063,Volatility 3-month
2009-08-19,DJX,0.00659569,1,r,Return
2009-08-19,DJX,92.79,2,p,Price
2009-08-19,DJX,0.147718561,9,vol_021,Volatility 1-month
2009-08-19,DJX,0.18948755,11,vol_063,Volatility 3-month
2009-08-20,DJX,0.00762256,1,r,Return
2009-08-20,DJX,93.5,2,p,Price
2009-08-20,DJX,0.147392151,9,vol_021,Volatility 1-month
2009-08-20,DJX,0.186637665,11,vol_063,Volatility 3-month
2009-08-21,DJX,0.01654684,1,r,Return
2009-08-21,DJX,95.06,2,p,Price
2009-08-21,DJX,0.141086602,9,vol_021,Volatility 1-month
2009-08-21,DJX,0.188751057,11,vol_063,Volatility 3-month
2009-08-24,DJX,0.00031554,1,r,Return
2009-08-24,DJX,95.09,2,p,Price
2009-08-24,DJX,0.141233346,9,vol_021,Volatility 1-month
2009-08-24,DJX,0.18379086,11,vol_063,Volatility 3-month
2009-08-25,DJX,0.00314994,1,r,Return
2009-08-25,DJX,95.39,2,p,Price
2009-08-25,DJX,0.141269436,9,vol_021,Volatility 1-month
2009-08-25,DJX,0.178042954,11,vol_063,Volatility 3-month
2009-08-26,DJX,0.00052403,1,r,Return
2009-08-26,DJX,95.44,2,p,Price
2009-08-26,DJX,0.140835398,9,vol_021,Volatility 1-month
2009-08-26,DJX,0.176847771,11,vol_063,Volatility 3-month
2009-08-27,DJX,0.00386929,1,r,Return
2009-08-27,DJX,95.81,2,p,Price
2009-08-27,DJX,0.139661616,9,vol_021,Volatility 1-month
2009-08-27,DJX,0.175871871,11,vol_063,Volatility 3-month
2009-08-28,DJX,-0.00386929,1,r,Return
2009-08-28,DJX,95.44,2,p,Price
2009-08-28,DJX,0.139281957,9,vol_021,Volatility 1-month
2009-08-28,DJX,0.16945178,11,vol_063,Volatility 3-month
2009-08-31,DJX,-0.00504203,1,r,Return
2009-08-31,DJX,94.96,2,p,Price
2009-08-31,DJX,0.141394803,9,vol_021,Volatility 1-month
2009-08-31,DJX,0.169934579,11,vol_063,Volatility 3-month
2009-09-01,DJX,-0.01967416,1,r,Return
2009-09-01,DJX,93.11,2,p,Price
2009-09-01,DJX,0.153728538,9,vol_021,Volatility 1-month
2009-09-01,DJX,0.174176321,11,vol_063,Volatility 3-month
2009-09-02,DJX,-0.0032272,1,r,Return
2009-09-02,DJX,92.81,2,p,Price
2009-09-02,DJX,0.153618384,9,vol_021,Volatility 1-month
2009-09-02,DJX,0.173716827,11,vol_063,Volatility 3-month
2009-09-03,DJX,0.00687214,1,r,Return
2009-09-03,DJX,93.45,2,p,Price
2009-09-03,DJX,0.154771817,9,vol_021,Volatility 1-month
2009-09-03,DJX,0.174119789,11,vol_063,Volatility 3-month
2009-09-04,DJX,0.01022047,1,r,Return
2009-09-04,DJX,94.41,2,p,Price
2009-09-04,DJX,0.158025841,9,vol_021,Volatility 1-month
2009-09-04,DJX,0.175076484,11,vol_063,Volatility 3-month
2009-09-08,DJX,0.00591405,1,r,Return
2009-09-08,DJX,94.97,2,p,Price
2009-09-08,DJX,0.153788995,9,vol_021,Volatility 1-month
2009-09-08,DJX,0.175310184,11,vol_063,Volatility 3-month
2009-09-09,DJX,0.00525101,1,r,Return
2009-09-09,DJX,95.47,2,p,Price
2009-09-09,DJX,0.153836904,9,vol_021,Volatility 1-month
2009-09-09,DJX,0.175294245,11,vol_063,Volatility 3-month
2009-09-10,DJX,0.00834468,1,r,Return
2009-09-10,DJX,96.27,2,p,Price
2009-09-10,DJX,0.14986181,9,vol_021,Volatility 1-month
2009-09-10,DJX,0.175789278,11,vol_063,Volatility 3-month
2009-09-11,DJX,-0.00228786,1,r,Return
2009-09-11,DJX,96.05,2,p,Price
2009-09-11,DJX,0.144924055,9,vol_021,Volatility 1-month
2009-09-11,DJX,0.175913923,11,vol_063,Volatility 3-month
2009-09-14,DJX,0.00228786,1,r,Return
2009-09-14,DJX,96.27,2,p,Price
2009-09-14,DJX,0.144670523,9,vol_021,Volatility 1-month
2009-09-14,DJX,0.169664761,11,vol_063,Volatility 3-month
2009-09-15,DJX,0.00580012,1,r,Return
2009-09-15,DJX,96.83,2,p,Price
2009-09-15,DJX,0.141341215,9,vol_021,Volatility 1-month
2009-09-15,DJX,0.167340423,11,vol_063,Volatility 3-month
2009-09-16,DJX,0.01119396,1,r,Return
2009-09-16,DJX,97.92,2,p,Price
2009-09-16,DJX,0.120057214,9,vol_021,Volatility 1-month
2009-09-16,DJX,0.168213873,11,vol_063,Volatility 3-month
2009-09-17,DJX,-0.00081733,1,r,Return
2009-09-17,DJX,97.84,2,p,Price
2009-09-17,DJX,0.118974507,9,vol_021,Volatility 1-month
2009-09-17,DJX,0.168052849,11,vol_063,Volatility 3-month
2009-09-18,DJX,0.00367272,1,r,Return
2009-09-18,DJX,98.2,2,p,Price
2009-09-18,DJX,0.118239775,9,vol_021,Volatility 1-month
2009-09-18,DJX,0.167882141,11,vol_063,Volatility 3-month
2009-09-21,DJX,-0.00418389,1,r,Return
2009-09-21,DJX,97.79,2,p,Price
2009-09-21,DJX,0.119114718,9,vol_021,Volatility 1-month
2009-09-21,DJX,0.159909812,11,vol_063,Volatility 3-month
2009-09-22,DJX,0.00520171,1,r,Return
2009-09-22,DJX,98.3,2,p,Price
2009-09-22,DJX,0.107763197,9,vol_021,Volatility 1-month
2009-09-22,DJX,0.159738752,11,vol_063,Volatility 3-month
2009-09-23,DJX,-0.00827422,1,r,Return
2009-09-23,DJX,97.49,2,p,Price
2009-09-23,DJX,0.113028681,9,vol_021,Volatility 1-month
2009-09-23,DJX,0.160872331,11,vol_063,Volatility 3-month
2009-09-24,DJX,-0.00431744,1,r,Return
2009-09-24,DJX,97.07,2,p,Price
2009-09-24,DJX,0.114346984,9,vol_021,Volatility 1-month
2009-09-24,DJX,0.157230531,11,vol_063,Volatility 3-month
2009-09-25,DJX,-0.00433616,1,r,Return
2009-09-25,DJX,96.65,2,p,Price
2009-09-25,DJX,0.115742522,9,vol_021,Volatility 1-month
2009-09-25,DJX,0.157282095,11,vol_063,Volatility 3-month
2009-09-28,DJX,0.01274819,1,r,Return
2009-09-28,DJX,97.89,2,p,Price
2009-09-28,DJX,0.122775667,9,vol_021,Volatility 1-month
2009-09-28,DJX,0.157781025,11,vol_063,Volatility 3-month
2009-09-29,DJX,-0.00481287,1,r,Return
2009-09-29,DJX,97.42,2,p,Price
2009-09-29,DJX,0.123291817,9,vol_021,Volatility 1-month
2009-09-29,DJX,0.156594862,11,vol_063,Volatility 3-month
2009-09-30,DJX,-0.0030842,1,r,Return
2009-09-30,DJX,97.12,2,p,Price
2009-09-30,DJX,0.122269649,9,vol_021,Volatility 1-month
2009-09-30,DJX,0.156687934,11,vol_063,Volatility 3-month
2009-10-01,DJX,-0.02112352,1,r,Return
2009-10-01,DJX,95.09,2,p,Price
2009-10-01,DJX,0.125430337,9,vol_021,Volatility 1-month
2009-10-01,DJX,0.152968501,11,vol_063,Volatility 3-month
2009-10-02,DJX,-0.00221088,1,r,Return
2009-10-02,DJX,94.88,2,p,Price
2009-10-02,DJX,0.125047386,9,vol_021,Volatility 1-month
2009-10-02,DJX,0.153086396,11,vol_063,Volatility 3-month
2009-10-05,DJX,0.01173526,1,r,Return
2009-10-05,DJX,96,2,p,Price
2009-10-05,DJX,0.128973273,9,vol_021,Volatility 1-month
2009-10-05,DJX,0.147832744,11,vol_063,Volatility 3-month
2009-10-06,DJX,0.01355357,1,r,Return
2009-10-06,DJX,97.31,2,p,Price
2009-10-06,DJX,0.132356337,9,vol_021,Volatility 1-month
2009-10-06,DJX,0.149441126,11,vol_063,Volatility 3-month
2009-10-07,DJX,-0.00051395,1,r,Return
2009-10-07,DJX,97.26,2,p,Price
2009-10-07,DJX,0.13148921,9,vol_021,Volatility 1-month
2009-10-07,DJX,0.149523798,11,vol_063,Volatility 3-month
2009-10-08,DJX,0.00625226,1,r,Return
2009-10-08,DJX,97.87,2,p,Price
2009-10-08,DJX,0.131929168,9,vol_021,Volatility 1-month
2009-10-08,DJX,0.148970696,11,vol_063,Volatility 3-month
2009-10-09,DJX,0.00793817,1,r,Return
2009-10-09,DJX,98.65,2,p,Price
2009-10-09,DJX,0.131658333,9,vol_021,Volatility 1-month
2009-10-09,DJX,0.143976039,11,vol_063,Volatility 3-month
2009-10-12,DJX,0.00212648,1,r,Return
2009-10-12,DJX,98.86,2,p,Price
2009-10-12,DJX,0.13108731,9,vol_021,Volatility 1-month
2009-10-12,DJX,0.143975761,11,vol_063,Volatility 3-month
2009-10-13,DJX,-0.00151845,1,r,Return
2009-10-13,DJX,98.71,2,p,Price
2009-10-13,DJX,0.13141537,9,vol_021,Volatility 1-month
2009-10-13,DJX,0.132794612,11,vol_063,Volatility 3-month
2009-10-14,DJX,0.01458265,1,r,Return
2009-10-14,DJX,100.16,2,p,Price
2009-10-14,DJX,0.138619939,9,vol_021,Volatility 1-month
2009-10-14,DJX,0.133930865,11,vol_063,Volatility 3-month
2009-10-15,DJX,0.00468152,1,r,Return
2009-10-15,DJX,100.63,2,p,Price
2009-10-15,DJX,0.134727833,9,vol_021,Volatility 1-month
2009-10-15,DJX,0.133990984,11,vol_063,Volatility 3-month
2009-10-16,DJX,-0.00668032,1,r,Return
2009-10-16,DJX,99.96,2,p,Price
2009-10-16,DJX,0.137393275,9,vol_021,Volatility 1-month
2009-10-16,DJX,0.133716549,11,vol_063,Volatility 3-month
2009-10-19,DJX,0.00955802,1,r,Return
2009-10-19,DJX,100.92,2,p,Price
2009-10-19,DJX,0.140306305,9,vol_021,Volatility 1-month
2009-10-19,DJX,0.134100789,11,vol_063,Volatility 3-month
2009-10-20,DJX,-0.00506632,1,r,Return
2009-10-20,DJX,100.41,2,p,Price
2009-10-20,DJX,0.140773482,9,vol_021,Volatility 1-month
2009-10-20,DJX,0.13432237,11,vol_063,Volatility 3-month
2009-10-21,DJX,-0.00920467,1,r,Return
2009-10-21,DJX,99.49,2,p,Price
2009-10-21,DJX,0.14448648,9,vol_021,Volatility 1-month
2009-10-21,DJX,0.13046946,11,vol_063,Volatility 3-month
2009-10-22,DJX,0.01318042,1,r,Return
2009-10-22,DJX,100.81,2,p,Price
2009-10-22,DJX,0.147026011,9,vol_021,Volatility 1-month
2009-10-22,DJX,0.132540212,11,vol_063,Volatility 3-month
2009-10-23,DJX,-0.0108713,1,r,Return
2009-10-23,DJX,99.72,2,p,Price
2009-10-23,DJX,0.152014836,9,vol_021,Volatility 1-month
2009-10-23,DJX,0.13487961,11,vol_063,Volatility 3-month
2009-10-26,DJX,-0.01048397,1,r,Return
2009-10-26,DJX,98.68,2,p,Price
2009-10-26,DJX,0.156309108,9,vol_021,Volatility 1-month
2009-10-26,DJX,0.136871565,11,vol_063,Volatility 3-month
2009-10-27,DJX,0.00141772,1,r,Return
2009-10-27,DJX,98.82,2,p,Price
2009-10-27,DJX,0.150385332,9,vol_021,Volatility 1-month
2009-10-27,DJX,0.136611089,11,vol_063,Volatility 3-month
2009-10-28,DJX,-0.01211519,1,r,Return
2009-10-28,DJX,97.63,2,p,Price
2009-10-28,DJX,0.155641091,9,vol_021,Volatility 1-month
2009-10-28,DJX,0.138301881,11,vol_063,Volatility 3-month
2009-10-29,DJX,0.0202785,1,r,Return
2009-10-29,DJX,99.63,2,p,Price
2009-10-29,DJX,0.169993464,9,vol_021,Volatility 1-month
2009-10-29,DJX,0.143559332,11,vol_063,Volatility 3-month
2009-10-30,DJX,-0.02541304,1,r,Return
2009-10-30,DJX,97.13,2,p,Price
2009-10-30,DJX,0.177576139,9,vol_021,Volatility 1-month
2009-10-30,DJX,0.151376714,11,vol_063,Volatility 3-month
2009-11-02,DJX,0.00779411,1,r,Return
2009-11-02,DJX,97.89,2,p,Price
2009-11-02,DJX,0.1786679,9,vol_021,Volatility 1-month
2009-11-02,DJX,0.151937295,11,vol_063,Volatility 3-month
2009-11-03,DJX,-0.00173815,1,r,Return
2009-11-03,DJX,97.72,2,p,Price
2009-11-03,DJX,0.174988837,9,vol_021,Volatility 1-month
2009-11-03,DJX,0.151689842,11,vol_063,Volatility 3-month
2009-11-04,DJX,0.00306529,1,r,Return
2009-11-04,DJX,98.02,2,p,Price
2009-11-04,DJX,0.169063217,9,vol_021,Volatility 1-month
2009-11-04,DJX,0.151584803,11,vol_063,Volatility 3-month
2009-11-05,DJX,0.02059847,1,r,Return
2009-11-05,DJX,100.06,2,p,Price
2009-11-05,DJX,0.182957824,9,vol_021,Volatility 1-month
2009-11-05,DJX,0.155006954,11,vol_063,Volatility 3-month
2009-11-06,DJX,0.00169754,1,r,Return
2009-11-06,DJX,100.23,2,p,Price
2009-11-06,DJX,0.182098904,9,vol_021,Volatility 1-month
2009-11-06,DJX,0.154745715,11,vol_063,Volatility 3-month
2009-11-09,DJX,0.02014883,1,r,Return
2009-11-09,DJX,102.27,2,p,Price
2009-11-09,DJX,0.192464848,9,vol_021,Volatility 1-month
2009-11-09,DJX,0.157522559,11,vol_063,Volatility 3-month
2009-11-10,DJX,0.0019537,1,r,Return
2009-11-10,DJX,102.47,2,p,Price
2009-11-10,DJX,0.192461137,9,vol_021,Volatility 1-month
2009-11-10,DJX,0.155813238,11,vol_063,Volatility 3-month
2009-11-11,DJX,0.00428475,1,r,Return
2009-11-11,DJX,102.91,2,p,Price
2009-11-11,DJX,0.192285192,9,vol_021,Volatility 1-month
2009-11-11,DJX,0.155843818,11,vol_063,Volatility 3-month
2009-11-12,DJX,-0.00917617,1,r,Return
2009-11-12,DJX,101.97,2,p,Price
2009-11-12,DJX,0.190274568,9,vol_021,Volatility 1-month
2009-11-12,DJX,0.156094511,11,vol_063,Volatility 3-month
2009-11-13,DJX,0.00713347,1,r,Return
2009-11-13,DJX,102.7,2,p,Price
2009-11-13,DJX,0.191084082,9,vol_021,Volatility 1-month
2009-11-13,DJX,0.150188519,11,vol_063,Volatility 3-month
2009-11-16,DJX,0.01325163,1,r,Return
2009-11-16,DJX,104.07,2,p,Price
2009-11-16,DJX,0.193489211,9,vol_021,Volatility 1-month
2009-11-16,DJX,0.151238596,11,vol_063,Volatility 3-month
2009-11-17,DJX,0.00287853,1,r,Return
2009-11-17,DJX,104.37,2,p,Price
2009-11-17,DJX,0.19154006,9,vol_021,Volatility 1-month
2009-11-17,DJX,0.15095453,11,vol_063,Volatility 3-month
2009-11-18,DJX,-0.0010545,1,r,Return
2009-11-18,DJX,104.26,2,p,Price
2009-11-18,DJX,0.190280615,9,vol_021,Volatility 1-month
2009-11-18,DJX,0.150606909,11,vol_063,Volatility 3-month
2009-11-19,DJX,-0.00905681,1,r,Return
2009-11-19,DJX,103.32,2,p,Price
2009-11-19,DJX,0.190173608,9,vol_021,Volatility 1-month
2009-11-19,DJX,0.149065578,11,vol_063,Volatility 3-month
2009-11-20,DJX,-0.00135593,1,r,Return
2009-11-20,DJX,103.18,2,p,Price
2009-11-20,DJX,0.185828901,9,vol_021,Volatility 1-month
2009-11-20,DJX,0.149148936,11,vol_063,Volatility 3-month
2009-11-23,DJX,0.01280773,1,r,Return
2009-11-23,DJX,104.51,2,p,Price
2009-11-23,DJX,0.184698182,9,vol_021,Volatility 1-month
2009-11-23,DJX,0.150877575,11,vol_063,Volatility 3-month
2009-11-24,DJX,-0.00162796,1,r,Return
2009-11-24,DJX,104.34,2,p,Price
2009-11-24,DJX,0.17948886,9,vol_021,Volatility 1-month
2009-11-24,DJX,0.150992563,11,vol_063,Volatility 3-month
2009-11-25,DJX,0.00287109,1,r,Return
2009-11-25,DJX,104.64,2,p,Price
2009-11-25,DJX,0.179433142,9,vol_021,Volatility 1-month
2009-11-25,DJX,0.15093981,11,vol_063,Volatility 3-month
2009-11-27,DJX,-0.0148265,1,r,Return
2009-11-27,DJX,103.1,2,p,Price
2009-11-27,DJX,0.182478563,9,vol_021,Volatility 1-month
2009-11-27,DJX,0.154053086,11,vol_063,Volatility 3-month
2009-11-30,DJX,0.00338901,1,r,Return
2009-11-30,DJX,103.45,2,p,Price
2009-11-30,DJX,0.170866953,9,vol_021,Volatility 1-month
2009-11-30,DJX,0.15358104,11,vol_063,Volatility 3-month
2009-12-01,DJX,0.01220172,1,r,Return
2009-12-01,DJX,104.72,2,p,Price
2009-12-01,DJX,0.142782461,9,vol_021,Volatility 1-month
2009-12-01,DJX,0.149000821,11,vol_063,Volatility 3-month
2009-12-02,DJX,-0.00181601,1,r,Return
2009-12-02,DJX,104.53,2,p,Price
2009-12-02,DJX,0.143091656,9,vol_021,Volatility 1-month
2009-12-02,DJX,0.148831422,11,vol_063,Volatility 3-month
2009-12-03,DJX,-0.0083578,1,r,Return
2009-12-03,DJX,103.66,2,p,Price
2009-12-03,DJX,0.147690027,9,vol_021,Volatility 1-month
2009-12-03,DJX,0.149871575,11,vol_063,Volatility 3-month
2009-12-04,DJX,0.00221633,1,r,Return
2009-12-04,DJX,103.89,2,p,Price
2009-12-04,DJX,0.147700817,9,vol_021,Volatility 1-month
2009-12-04,DJX,0.148861815,11,vol_063,Volatility 3-month
2009-12-07,DJX,0.00009625,1,r,Return
2009-12-07,DJX,103.9,2,p,Price
2009-12-07,DJX,0.132846604,9,vol_021,Volatility 1-month
2009-12-07,DJX,0.148618179,11,vol_063,Volatility 3-month
2009-12-08,DJX,-0.01006006,1,r,Return
2009-12-08,DJX,102.86,2,p,Price
2009-12-08,DJX,0.139052081,9,vol_021,Volatility 1-month
2009-12-08,DJX,0.150163447,11,vol_063,Volatility 3-month
2009-12-09,DJX,0.00494594,1,r,Return
2009-12-09,DJX,103.37,2,p,Price
2009-12-09,DJX,0.12191091,9,vol_021,Volatility 1-month
2009-12-09,DJX,0.149657651,11,vol_063,Volatility 3-month
2009-12-10,DJX,0.00665287,1,r,Return
2009-12-10,DJX,104.06,2,p,Price
2009-12-10,DJX,0.123686229,9,vol_021,Volatility 1-month
2009-12-10,DJX,0.149895923,11,vol_063,Volatility 3-month
2009-12-11,DJX,0.00632247,1,r,Return
2009-12-11,DJX,104.72,2,p,Price
2009-12-11,DJX,0.124621363,9,vol_021,Volatility 1-month
2009-12-11,DJX,0.150223956,11,vol_063,Volatility 3-month
2009-12-14,DJX,0.00276546,1,r,Return
2009-12-14,DJX,105.01,2,p,Price
2009-12-14,DJX,0.119291621,9,vol_021,Volatility 1-month
2009-12-14,DJX,0.149979783,11,vol_063,Volatility 3-month
2009-12-15,DJX,-0.00467714,1,r,Return
2009-12-15,DJX,104.52,2,p,Price
2009-12-15,DJX,0.119153735,9,vol_021,Volatility 1-month
2009-12-15,DJX,0.149075068,11,vol_063,Volatility 3-month
2009-12-16,DJX,-0.00105298,1,r,Return
2009-12-16,DJX,104.41,2,p,Price
2009-12-16,DJX,0.110352677,9,vol_021,Volatility 1-month
2009-12-16,DJX,0.149087715,11,vol_063,Volatility 3-month
2009-12-17,DJX,-0.01282007,1,r,Return
2009-12-17,DJX,103.08,2,p,Price
2009-12-17,DJX,0.118565386,9,vol_021,Volatility 1-month
2009-12-17,DJX,0.151529211,11,vol_063,Volatility 3-month
2009-12-18,DJX,0.00203518,1,r,Return
2009-12-18,DJX,103.29,2,p,Price
2009-12-18,DJX,0.118896225,9,vol_021,Volatility 1-month
2009-12-18,DJX,0.151213008,11,vol_063,Volatility 3-month
2009-12-21,DJX,0.00819558,1,r,Return
2009-12-21,DJX,104.14,2,p,Price
2009-12-21,DJX,0.118169476,9,vol_021,Volatility 1-month
2009-12-21,DJX,0.151679545,11,vol_063,Volatility 3-month
2009-12-22,DJX,0.0048853,1,r,Return
2009-12-22,DJX,104.65,2,p,Price
2009-12-22,DJX,0.118991577,9,vol_021,Volatility 1-month
2009-12-22,DJX,0.15071912,11,vol_063,Volatility 3-month
2009-12-23,DJX,0.00009555,1,r,Return
2009-12-23,DJX,104.66,2,p,Price
2009-12-23,DJX,0.110503714,9,vol_021,Volatility 1-month
2009-12-23,DJX,0.150329353,11,vol_063,Volatility 3-month
2009-12-24,DJX,0.0051463,1,r,Return
2009-12-24,DJX,105.2,2,p,Price
2009-12-24,DJX,0.111678949,9,vol_021,Volatility 1-month
2009-12-24,DJX,0.150107373,11,vol_063,Volatility 3-month
2009-12-28,DJX,0.00256325,1,r,Return
2009-12-28,DJX,105.47,2,p,Price
2009-12-28,DJX,0.111597869,9,vol_021,Volatility 1-month
2009-12-28,DJX,0.14833437,11,vol_063,Volatility 3-month
2009-12-29,DJX,-0.00018965,1,r,Return
2009-12-29,DJX,105.45,2,p,Price
2009-12-29,DJX,0.097043445,9,vol_021,Volatility 1-month
2009-12-29,DJX,0.147862137,11,vol_063,Volatility 3-month
2009-12-30,DJX,0.00037926,1,r,Return
2009-12-30,DJX,105.49,2,p,Price
2009-12-30,DJX,0.096697932,9,vol_021,Volatility 1-month
2009-12-30,DJX,0.147610849,11,vol_063,Volatility 3-month
2009-12-31,DJX,-0.01153657,1,r,Return
2009-12-31,DJX,104.28,2,p,Price
2009-12-31,DJX,0.096797235,9,vol_021,Volatility 1-month
2009-12-31,DJX,0.142857013,11,vol_063,Volatility 3-month
